N,sample,kappa,B,C,h,r_base,effective_error,effective_bound,state_error,state_bound
2,0,1.9450802744986513,1.0,0.0,0.39269908169872414,2,8.757183409692258e-16,0.0,1.050125975136652e-15,3.4066849420718563e-15
2,1,1.1457410015271252,1.1045756338474106,0.0,0.39269908169872414,2,1.4151341159357555e-15,0.0,1.3538632369745891e-15,3.2427543585748763e-15
2,2,1.112924890610296,1.180495091591388,0.0,0.39269908169872414,2,1.1323629957204903e-15,0.0,3.7423515374475267e-16,2.5204699262867506e-15
2,3,1.1778457134804883,1.0891976866644508,0.0,0.39269908169872414,2,1.0108735565690906e-15,0.0,9.567225895323367e-16,2.3813061709513615e-15
2,4,1.1542961581791007,1.1686397796935173,0.0,0.39269908169872414,2,9.027060900917853e-16,0.0,8.369943517637171e-16,2.0839803435156516e-15
2,5,1.0558231992056095,1.2091507817148355,0.0,0.39269908169872414,2,9.305786943630154e-16,0.0,6.6287138607991075e-16,1.965053148389878e-15
2,6,1.2560528558815798,1.1278746853153843,0.0,0.39269908169872414,2,7.966293708359819e-16,0.0,5.058760213909507e-16,2.0012171926353645e-15
2,7,1.0521834896771587,1.1550279422508427,0.0,0.39269908169872414,2,8.765589725342258e-16,0.0,7.003143481742874e-16,1.8446017572577745e-15
4,0,1.4393740928373147,1.0547625187309142,0.010399690540281323,0.39269908169872414,2,0.0019809595097746166,0.0040839489251193834,0.002114145190840766,0.005718990390998961
4,1,1.304785884023293,1.0572195320317994,0.012183264788678774,0.39269908169872414,2,0.002177440070161364,0.004784356894606555,0.0026217561861554143,0.005698375749540818
4,2,1.2267393762699674,1.2283824896867848,0.021404951878855064,0.39269908169872414,2,0.00420226580151071,0.008405704946631763,0.002573207118737826,0.010363595069276001
4,3,1.459291031895615,1.0073501014406703,0.0008077606934828548,0.39269908169872414,2,5.025288913093051e-05,0.0003172068825630417,6.13830813905433e-05,0.00014667793729100228
4,4,1.4501874316988033,1.0490523378142627,0.012442219322947895,0.39269908169872414,2,0.0002398827369250755,0.0048860481024157595,0.0002576715223003701,0.0006959919785014301
4,5,1.6808466261851835,1.12315405889444,0.03986916392728235,0.15707963267948966,5,0.002419970430887355,0.0062626336249358705,0.0016545708738006978,0.008168424143423603
4,6,1.036775999348833,1.2579107972870147,0.0,0.39269908169872414,2,9.902625288530966e-16,0.0,8.560540255047945e-16,2.053360845938746e-15
4,7,1.2895902886824564,1.1087310911456698,0.009013514705151247,0.39269908169872414,2,0.0007433075865730766,0.003539598947590841,0.0006226518201325966,0.0019189639366767677
8,0,1.4937108905498817,1.1035134169748972,0.023555541799208067,0.2617993877991494,3,0.0017374323827547985,0.006166826422309946,0.0015457001206480717,0.005203948743988639
8,1,1.525311162933759,1.1552102774031205,0.03095960643973497,0.2617993877991494,3,0.0022753801884789425,0.008105206012425219,0.001341887060446944,0.006965500506310926
8,2,1.4813913287056735,1.1368823081324084,0.025219389646920602,0.2617993877991494,3,0.0016788219946233076,0.00660242077023202,0.001678693651980723,0.004986385793850558
8,3,1.4881049159802695,1.1679179130608957,0.020442878563211038,0.39269908169872414,2,0.0026087913122929316,0.008027899639051508,0.0009248291754303946,0.007794570083779495
8,4,1.672624741903444,1.1349708170013253,0.03896123277514466,0.15707963267948966,5,0.0020220089555505606,0.006120016133059817,0.002389417444557367,0.006787078737304532
8,5,1.8142068225143995,1.0932463673287376,0.0337518340903616,0.19634954084936207,4,0.0014945709174683918,0.006627157126466347,0.0018841750091329777,0.005437665527082127
8,6,1.921152908446963,1.0971753811702432,0.028984649250301496,0.19634954084936207,4,0.0008318395931821883,0.005691122571976505,0.0006989741832948902,0.0032012980734182866
8,7,1.4576329877276923,1.1563109498620723,0.02768915348338554,0.2617993877991494,3,0.0028202487951343716,0.00724900343062702,0.0026185136327272268,0.008255713666353325
16,0,1.6053165978949446,1.1459235662829756,0.03519321302491911,0.19634954084936207,4,0.0021287099777963607,0.006910171218456656,0.0013200589807944641,0.006857942245786351
16,1,1.5936792265609894,1.123138328974639,0.029753538284494493,0.2617993877991494,3,0.002382161552539394,0.0077894581077392125,0.0011772070844709743,0.007621737937617513
16,2,1.6246414440675303,1.099767187647039,0.02752748333221435,0.2617993877991494,3,0.0016520712543242342,0.007206678284025007,0.0013563244092339502,0.0053824935955688906
16,3,1.6651654594841327,1.1273901970402382,0.032458130323766106,0.19634954084936207,4,0.0020464071256800862,0.006373138985900231,0.0013766230527766264,0.006838515894399732
16,4,1.6238879617021,1.18137304677433,0.0352356505053802,0.19634954084936207,4,0.002126883930751587,0.006918503798259996,0.0014042535712866936,0.006931582870113482
16,5,1.729799109056478,1.144773349785173,0.03889683463491099,0.15707963267948966,5,0.0019193843581210269,0.006109900496846669,0.0013543651276794694,0.006662418931130424
16,6,1.5273913609710819,1.1468985548690513,0.027641239595179994,0.2617993877991494,3,0.0019343703255045568,0.00723645960402773,0.001580321938614247,0.005926591402657862
16,7,1.6720689193642264,1.10223239137331,0.03611559101008163,0.19634954084936207,4,0.002414695007724179,0.007091279712332877,0.0014051991577421518,0.008107808516915452
