K,epsilon,lambda_J,M,median_repetitions,single_qpe_bad_probability,median_bad_probability,beta_bound,branch_error,branch_error_bound
4,0.25,0.25,8192,41,4.3101321954785824e-29,0.0,1.52587890625e-05,0.0,0.01953125
4,0.25,0.34275,8192,41,0.0005727216215379662,1.1102230246251565e-16,1.52587890625e-05,2.4936567809433237e-05,0.015303040663749089
4,0.25,0.431,8192,41,0.017462001920634938,1.1102230246251565e-16,1.52587890625e-05,0.00010247928081834462,0.01296947505800464
4,0.25,0.731,8192,41,0.0018897067678071578,1.1102230246251565e-16,1.52587890625e-05,1.0052023857219556e-05,0.009249957250341997
4,0.25,1.0,8192,41,4.310132195478582e-29,0.0,1.52587890625e-05,0.0,0.0078125
4,0.5,0.25,4096,35,2.166646988043469e-29,0.0,6.103515625e-05,0.0,0.0390625
4,0.5,0.34275,4096,35,0.00014404607611075992,1.1102230246251565e-16,6.103515625e-05,2.493656780941269e-05,0.030606081327498178
4,0.5,0.431,4096,35,0.019699719521087126,1.1102230246683114e-16,6.103515625e-05,0.0002264170173706992,0.02593895011600928
4,0.5,0.731,4096,35,0.02481762367399386,1.1102230263831296e-16,6.103515625e-05,0.00010815024021791266,0.018499914500683994
4,0.5,1.0,4096,35,2.166646988043469e-29,0.0,6.103515625e-05,0.0,0.015625
8,0.25,0.125,16384,45,8.609506577817344e-29,0.0,3.814697265625e-06,0.0,0.017578125
8,0.25,0.171375,16384,45,0.0005727229666905144,1.1102230246251565e-16,3.814697265625e-06,2.493656785366701e-05,0.013349915663749089
8,0.25,0.431,16384,45,0.021653931950312805,1.1102230246251565e-16,3.814697265625e-06,3.09450980998226e-05,0.00648473752900232
8,0.25,0.731,16384,45,0.006988644524839489,1.1102230246251565e-16,3.814697265625e-06,5.02601192861435e-06,0.004624978625170998
8,0.25,1.0,16384,45,8.609506577817345e-29,0.0,3.814697265625e-06,0.0,0.00390625
8,0.5,0.125,8192,41,4.3101321954785824e-29,0.0,1.52587890625e-05,0.0,0.03515625
8,0.5,0.171375,8192,41,0.00014404742893504009,1.1102230246251565e-16,1.52587890625e-05,2.4936567853661343e-05,0.026699831327498178
8,0.5,0.431,8192,41,0.017462001920634938,1.1102230246251565e-16,1.52587890625e-05,5.123964040917231e-05,0.01296947505800464
8,0.5,0.731,8192,41,0.0018897067678071578,1.1102230246251565e-16,1.52587890625e-05,5.026011928609778e-06,0.009249957250341997
8,0.5,1.0,8192,41,4.310132195478582e-29,0.0,1.52587890625e-05,0.0,0.0078125
12,0.25,0.08333333333333333,32768,49,0.01381019129866046,1.1102230246251565e-16,1.6954210069444444e-06,0.00024402974201950787,0.016927083333333332
12,0.25,0.11425,32768,49,0.0007691819142637265,1.1102230246251565e-16,1.6954210069444444e-06,2.4936567869376546e-05,0.012698873997082421
12,0.25,0.431,32768,49,0.009526490714424823,1.1102230246251565e-16,1.6954210069444444e-06,6.789932463789874e-06,0.004323158352668213
12,0.25,0.731,32768,49,0.014710870488551657,1.1102230246251565e-16,1.6954210069444444e-06,3.35129368115341e-06,0.0030833190834473325
12,0.25,1.0,32768,49,1.7181676556188242e-28,0.0,1.6954210069444444e-06,0.0,0.0026041666666666665
12,0.5,0.08333333333333333,16384,43,0.01447806552486605,1.1102230246251565e-16,6.781684027777777e-06,0.0004888061078283483,0.033854166666666664
12,0.5,0.11425,16384,43,0.00019424648814517432,1.1102230246251565e-16,6.781684027777777e-06,2.49365678693746e-05,0.025397747994164842
12,0.5,0.431,16384,43,0.01575612945250605,1.1102230246251565e-16,6.781684027777777e-06,2.0637962672755136e-05,0.008646316705336426
12,0.5,0.731,16384,43,0.005320372821740901,1.1102230246251565e-16,6.781684027777777e-06,3.350674619071627e-06,0.006166638166894665
12,0.5,1.0,16384,43,8.60889874739774e-29,0.0,6.781684027777777e-06,0.0,0.005208333333333333
