version,m,N,h,beta,contrast,epsilon,delta_total,s_row,s_col,nnz,lambda_min_lower,lambda_max_upper,kappa_lower,kappa_upper,kappa_poisson,disc_bound,mesh_admissible,solver_allowance,representation_allowance,readout_allowance,arithmetic_allowance,fixed_fraction_bits_sufficient,representation_error_bound,rhs_abs_upper,solution_norm_upper,block_alpha_scaled_sparse,padded_dimension,scalar_continuum,scalar_sampled_exact
02-smooth-diffusion-v1,15,225,0.0625,0.0,1.0,0.01,0.01,5,5,1065,19.67587286709202,2028.3241271329082,103.08686891981748,103.08686891981748,103.08686891981748,0.000270737542046441,True,0.0025,0.00125,0.0025,0.00125,14,0.0012349512301597222,3.0,2.2870649909139575,20.0,256,0.034722222222222224,0.03445148468017578
02-smooth-diffusion-v1,15,225,0.0625,0.0,1.0,0.0001,0.01,5,5,1065,19.67587286709202,2028.3241271329082,103.08686891981748,103.08686891981748,103.08686891981748,0.000270737542046441,False,2.5e-05,1.25e-05,2.5e-05,1.25e-05,21,9.610046029294845e-06,3.0,2.2870649909139575,20.0,256,0.034722222222222224,0.03445148468017578
02-smooth-diffusion-v1,15,225,0.0625,0.0,1.0,1e-06,0.01,5,5,1065,19.67587286709202,2028.3241271329082,103.08686891981748,103.08686891981748,103.08686891981748,0.000270737542046441,False,2.5e-07,1.25e-07,2.5e-07,1.25e-07,28,7.507617384085172e-08,3.0,2.2870649909139575,20.0,256,0.034722222222222224,0.03445148468017578
02-smooth-diffusion-v1,15,225,0.0625,1.0,2.0,0.01,0.01,5,5,1065,19.67587286709202,4056.6482542658164,51.54343445990874,206.17373783963495,103.08686891981748,0.00029658779557872585,True,0.0025,0.00125,0.0025,0.00125,15,0.0009328047289798667,6.5625,5.002954667624282,40.0,256,0.034722222222222224,0.03445148468017578
02-smooth-diffusion-v1,15,225,0.0625,1.0,2.0,0.0001,0.01,5,5,1065,19.67587286709202,4056.6482542658164,51.54343445990874,206.17373783963495,103.08686891981748,0.00029658779557872585,False,2.5e-05,1.25e-05,2.5e-05,1.25e-05,22,7.273181810067328e-06,6.5625,5.002954667624282,40.0,256,0.034722222222222224,0.03445148468017578
02-smooth-diffusion-v1,15,225,0.0625,1.0,2.0,1e-06,0.01,5,5,1065,19.67587286709202,4056.6482542658164,51.54343445990874,206.17373783963495,103.08686891981748,0.00029658779557872585,False,2.5e-07,1.25e-07,2.5e-07,1.25e-07,28,1.1364173069549362e-07,6.5625,5.002954667624282,40.0,256,0.034722222222222224,0.03445148468017578
02-smooth-diffusion-v1,15,225,0.0625,9.0,10.0,0.01,0.01,5,5,1065,19.67587286709202,20283.241271329083,10.308686891981747,1030.8686891981747,103.08686891981748,0.0005033898238370047,True,0.0025,0.00125,0.0025,0.00125,17,0.0008650254720923446,35.0625,26.73007208130688,200.0,256,0.034722222222222224,0.03445148468017578
02-smooth-diffusion-v1,15,225,0.0625,9.0,10.0,0.0001,0.01,5,5,1065,19.67587286709202,20283.241271329083,10.308686891981747,1030.8686891981747,103.08686891981748,0.0005033898238370047,False,2.5e-05,1.25e-05,2.5e-05,1.25e-05,24,6.754683523098861e-06,35.0625,26.73007208130688,200.0,256,0.034722222222222224,0.03445148468017578
02-smooth-diffusion-v1,15,225,0.0625,9.0,10.0,1e-06,0.01,5,5,1065,19.67587286709202,20283.241271329083,10.308686891981747,1030.8686891981747,103.08686891981748,0.0005033898238370047,False,2.5e-07,1.25e-07,2.5e-07,1.25e-07,30,1.0554152719996728e-07,35.0625,26.73007208130688,200.0,256,0.034722222222222224,0.03445148468017578
02-smooth-diffusion-v1,15,225,0.0625,99.0,100.0,0.01,0.01,5,5,1065,19.67587286709202,202832.41271329083,1.0308686891981749,10308.686891981748,103.08686891981748,0.002829912641742642,False,0.0025,0.00125,0.0025,0.00125,20,0.0009966865669401744,355.6875,271.1601429852361,2000.0,256,0.034722222222222224,0.03445148468017578
02-smooth-diffusion-v1,15,225,0.0625,99.0,100.0,0.0001,0.01,5,5,1065,19.67587286709202,202832.41271329083,1.0308686891981749,10308.686891981748,103.08686891981748,0.002829912641742642,False,2.5e-05,1.25e-05,2.5e-05,1.25e-05,27,7.786134491840795e-06,355.6875,271.1601429852361,2000.0,256,0.034722222222222224,0.03445148468017578
02-smooth-diffusion-v1,15,225,0.0625,99.0,100.0,1e-06,0.01,5,5,1065,19.67587286709202,202832.41271329083,1.0308686891981749,10308.686891981748,103.08686891981748,0.002829912641742642,False,2.5e-07,1.25e-07,2.5e-07,1.25e-07,33,1.2165829338950862e-07,355.6875,271.1601429852361,2000.0,256,0.034722222222222224,0.03445148468017578
02-smooth-diffusion-v1,31,961,0.03125,0.0,1.0,0.01,0.01,5,5,4681,19.723359550681554,8172.276640449319,414.3450622319015,414.3450622319015,414.3450622319015,6.778372658623589e-05,True,0.0025,0.00125,0.0025,0.00125,17,0.0006557441073885148,3.0,4.7152210434041555,20.0,1024,0.034722222222222224,0.034654438495635986
02-smooth-diffusion-v1,31,961,0.03125,0.0,1.0,0.0001,0.01,5,5,4681,19.723359550681554,8172.276640449319,414.3450622319015,414.3450622319015,414.3450622319015,6.778372658623589e-05,False,2.5e-05,1.25e-05,2.5e-05,1.25e-05,23,1.0226025721579946e-05,3.0,4.7152210434041555,20.0,1024,0.034722222222222224,0.034654438495635986
02-smooth-diffusion-v1,31,961,0.03125,0.0,1.0,1e-06,0.01,5,5,4681,19.723359550681554,8172.276640449319,414.3450622319015,414.3450622319015,414.3450622319015,6.778372658623589e-05,False,2.5e-07,1.25e-07,2.5e-07,1.25e-07,30,7.988837299283689e-08,3.0,4.7152210434041555,20.0,1024,0.034722222222222224,0.034654438495635986
02-smooth-diffusion-v1,31,961,0.03125,1.0,2.0,0.01,0.01,5,5,4681,19.723359550681554,16344.553280898637,207.17253111595076,828.690124463803,414.3450622319015,7.466769406097454e-05,True,0.0025,0.00125,0.0025,0.00125,17,0.0009921298161448746,6.5625,10.314546032446591,40.0,1024,0.034722222222222224,0.034654438495635986
02-smooth-diffusion-v1,31,961,0.03125,1.0,2.0,0.0001,0.01,5,5,4681,19.723359550681554,16344.553280898637,207.17253111595076,828.690124463803,414.3450622319015,7.466769406097454e-05,False,2.5e-05,1.25e-05,2.5e-05,1.25e-05,24,7.73578284747023e-06,6.5625,10.314546032446591,40.0,1024,0.034722222222222224,0.034654438495635986
02-smooth-diffusion-v1,31,961,0.03125,1.0,2.0,1e-06,0.01,5,5,4681,19.723359550681554,16344.553280898637,207.17253111595076,828.690124463803,414.3450622319015,7.466769406097454e-05,False,2.5e-07,1.25e-07,2.5e-07,1.25e-07,30,1.2086976599019093e-07,6.5625,10.314546032446591,40.0,1024,0.034722222222222224,0.034654438495635986
02-smooth-diffusion-v1,31,961,0.03125,9.0,10.0,0.01,0.01,5,5,4681,19.723359550681554,81722.76640449319,41.434506223190155,4143.450622319016,414.3450622319015,0.0001297394338588837,True,0.0025,0.00125,0.0025,0.00125,19,0.0009194354414176291,35.0625,55.10914594478607,200.0,1024,0.034722222222222224,0.034654438495635986
02-smooth-diffusion-v1,31,961,0.03125,9.0,10.0,0.0001,0.01,5,5,4681,19.723359550681554,81722.76640449319,41.434506223190155,4143.450622319016,414.3450622319015,0.0001297394338588837,False,2.5e-05,1.25e-05,2.5e-05,1.25e-05,26,7.179560595754107e-06,35.0625,55.10914594478607,200.0,1024,0.034722222222222224,0.034654438495635986
02-smooth-diffusion-v1,31,961,0.03125,9.0,10.0,1e-06,0.01,5,5,4681,19.723359550681554,81722.76640449319,41.434506223190155,4143.450622319016,414.3450622319015,0.0001297394338588837,False,2.5e-07,1.25e-07,2.5e-07,1.25e-07,32,1.1218020715151314e-07,35.0625,55.10914594478607,200.0,1024,0.034722222222222224,0.034654438495635986
02-smooth-diffusion-v1,31,961,0.03125,99.0,100.0,0.01,0.01,5,5,4681,19.723359550681554,817227.6640449319,4.1434506223190155,41434.506223190154,414.3450622319015,0.0007492965065853616,True,0.0025,0.00125,0.0025,0.00125,22,0.0010591491436151076,355.6875,559.0483949586053,2000.0,1024,0.034722222222222224,0.034654438495635986
02-smooth-diffusion-v1,31,961,0.03125,99.0,100.0,0.0001,0.01,5,5,4681,19.723359550681554,817227.6640449319,4.1434506223190155,41434.506223190154,414.3450622319015,0.0007492965065853616,False,2.5e-05,1.25e-05,2.5e-05,1.25e-05,29,8.274094559829245e-06,355.6875,559.0483949586053,2000.0,1024,0.034722222222222224,0.034654438495635986
02-smooth-diffusion-v1,31,961,0.03125,99.0,100.0,1e-06,0.01,5,5,4681,19.723359550681554,817227.6640449319,4.1434506223190155,41434.506223190154,414.3450622319015,0.0007492965065853616,False,2.5e-07,1.25e-07,2.5e-07,1.25e-07,36,6.464133273711707e-08,355.6875,559.0483949586053,2000.0,1024,0.034722222222222224,0.034654438495635986
02-smooth-diffusion-v1,63,3969,0.015625,0.0,1.0,0.01,0.01,5,5,19593,19.73524553445552,32748.264754465545,1659.3796462927587,1659.3796462927587,1659.3796462927587,1.6952140463723077e-05,True,0.0025,0.00125,0.0025,0.00125,19,0.000676483096114968,3.0,9.576774693277935,20.0,4096,0.034722222222222224,0.0347052700817585
02-smooth-diffusion-v1,63,3969,0.015625,0.0,1.0,0.0001,0.01,5,5,19593,19.73524553445552,32748.264754465545,1659.3796462927587,1659.3796462927587,1659.3796462927587,1.6952140463723077e-05,True,2.5e-05,1.25e-05,2.5e-05,1.25e-05,25,1.0549453059709972e-05,3.0,9.576774693277935,20.0,4096,0.034722222222222224,0.0347052700817585
02-smooth-diffusion-v1,63,3969,0.015625,0.0,1.0,1e-06,0.01,5,5,19593,19.73524553445552,32748.264754465545,1659.3796462927587,1659.3796462927587,1659.3796462927587,1.6952140463723077e-05,False,2.5e-07,1.25e-07,2.5e-07,1.25e-07,32,8.241507301426292e-08,3.0,9.576774693277935,20.0,4096,0.034722222222222224,0.0347052700817585
02-smooth-diffusion-v1,63,3969,0.015625,1.0,2.0,0.01,0.01,5,5,19593,19.73524553445552,65496.52950893109,829.6898231463794,3318.7592925855174,1659.3796462927587,1.8728025697415286e-05,True,0.0025,0.00125,0.0025,0.00125,19,0.0010233888100128316,6.5625,20.949194641545485,40.0,4096,0.034722222222222224,0.0347052700817585
02-smooth-diffusion-v1,63,3969,0.015625,1.0,2.0,0.0001,0.01,5,5,19593,19.73524553445552,65496.52950893109,829.6898231463794,3318.7592925855174,1659.3796462927587,1.8728025697415286e-05,True,2.5e-05,1.25e-05,2.5e-05,1.25e-05,26,7.979523306396864e-06,6.5625,20.949194641545485,40.0,4096,0.034722222222222224,0.0347052700817585
02-smooth-diffusion-v1,63,3969,0.015625,1.0,2.0,1e-06,0.01,5,5,19593,19.73524553445552,65496.52950893109,829.6898231463794,3318.7592925855174,1659.3796462927587,1.8728025697415286e-05,False,2.5e-07,1.25e-07,2.5e-07,1.25e-07,32,1.2467815379802658e-07,6.5625,20.949194641545485,40.0,4096,0.034722222222222224,0.0347052700817585
02-smooth-diffusion-v1,63,3969,0.015625,9.0,10.0,0.01,0.01,5,5,19593,19.73524553445552,327482.6475446554,165.93796462927588,16593.79646292759,1659.3796462927587,3.293510756695297e-05,True,0.0025,0.00125,0.0025,0.00125,21,0.0009482481687886321,35.0625,111.92855422768588,200.0,4096,0.034722222222222224,0.0347052700817585
02-smooth-diffusion-v1,63,3969,0.015625,9.0,10.0,0.0001,0.01,5,5,19593,19.73524553445552,327482.6475446554,165.93796462927588,16593.79646292759,1659.3796462927587,3.293510756695297e-05,False,2.5e-05,1.25e-05,2.5e-05,1.25e-05,28,7.404551637084235e-06,35.0625,111.92855422768588,200.0,4096,0.034722222222222224,0.0347052700817585
02-smooth-diffusion-v1,63,3969,0.015625,9.0,10.0,1e-06,0.01,5,5,19593,19.73524553445552,327482.6475446554,165.93796462927588,16593.79646292759,1659.3796462927587,3.293510756695297e-05,False,2.5e-07,1.25e-07,2.5e-07,1.25e-07,34,1.1569567905149332e-07,35.0625,111.92855422768588,200.0,4096,0.034722222222222224,0.0347052700817585
02-smooth-diffusion-v1,63,3969,0.015625,99.0,100.0,0.01,0.01,5,5,19593,19.73524553445552,3274826.4754465544,16.593796462927585,165937.96462927587,1659.3796462927587,0.00019276477859925188,True,0.0025,0.00125,0.0025,0.00125,24,0.0010922810760899421,355.6875,1135.4463495717653,2000.0,4096,0.034722222222222224,0.0347052700817585
02-smooth-diffusion-v1,63,3969,0.015625,99.0,100.0,0.0001,0.01,5,5,19593,19.73524553445552,3274826.4754465544,16.593796462927585,165937.96462927587,1659.3796462927587,0.00019276477859925188,False,2.5e-05,1.25e-05,2.5e-05,1.25e-05,31,8.532922202913616e-06,355.6875,1135.4463495717653,2000.0,4096,0.034722222222222224,0.0347052700817585
02-smooth-diffusion-v1,63,3969,0.015625,99.0,100.0,1e-06,0.01,5,5,19593,19.73524553445552,3274826.4754465544,16.593796462927585,165937.96462927587,1659.3796462927587,0.00019276477859925188,False,2.5e-07,1.25e-07,2.5e-07,1.25e-07,38,6.666342274788177e-08,355.6875,1135.4463495717653,2000.0,4096,0.034722222222222224,0.0347052700817585
02-smooth-diffusion-v1,127,16129,0.0078125,0.0,1.0,0.01,0.01,5,5,80137,19.738217925560228,131052.26178207443,6639.518434557702,6639.518434557702,6639.518434557702,4.238423167003526e-06,True,0.0025,0.00125,0.0025,0.00125,21,0.0006871151462382111,3.0,19.302654446155433,20.0,16384,0.034722222222222224,0.03471798379905522
02-smooth-diffusion-v1,127,16129,0.0078125,0.0,1.0,0.0001,0.01,5,5,80137,19.738217925560228,131052.26178207443,6639.518434557702,6639.518434557702,6639.518434557702,4.238423167003526e-06,True,2.5e-05,1.25e-05,2.5e-05,1.25e-05,27,1.0715258303736566e-05,3.0,19.302654446155433,20.0,16384,0.034722222222222224,0.03471798379905522
02-smooth-diffusion-v1,127,16129,0.0078125,0.0,1.0,1e-06,0.01,5,5,80137,19.738217925560228,131052.26178207443,6639.518434557702,6639.518434557702,6639.518434557702,4.238423167003526e-06,False,2.5e-07,1.25e-07,2.5e-07,1.25e-07,34,8.371038712165032e-08,3.0,19.302654446155433,20.0,16384,0.034722222222222224,0.03471798379905522
02-smooth-diffusion-v1,127,16129,0.0078125,1.0,2.0,0.01,0.01,5,5,80137,19.738217925560228,262104.52356414887,3319.759217278851,13279.036869115404,6639.518434557702,4.689401680610383e-06,True,0.0025,0.00125,0.0025,0.00125,21,0.0010394429072245498,6.5625,42.22455660096501,40.0,16384,0.034722222222222224,0.03471798379905522
02-smooth-diffusion-v1,127,16129,0.0078125,1.0,2.0,0.0001,0.01,5,5,80137,19.738217925560228,262104.52356414887,3319.759217278851,13279.036869115404,6639.518434557702,4.689401680610383e-06,True,2.5e-05,1.25e-05,2.5e-05,1.25e-05,28,8.10470202581715e-06,6.5625,42.22455660096501,40.0,16384,0.034722222222222224,0.03471798379905522
02-smooth-diffusion-v1,127,16129,0.0078125,1.0,2.0,1e-06,0.01,5,5,80137,19.738217925560228,262104.52356414887,3319.759217278851,13279.036869115404,6639.518434557702,4.689401680610383e-06,False,2.5e-07,1.25e-07,2.5e-07,1.25e-07,35,6.331701325517397e-08,6.5625,42.22455660096501,40.0,16384,0.034722222222222224,0.03471798379905522
02-smooth-diffusion-v1,127,16129,0.0078125,9.0,10.0,0.01,0.01,5,5,80137,19.738217925560228,1310522.6178207444,663.9518434557701,66395.18434557701,6639.518434557702,8.297229789465236e-06,True,0.0025,0.00125,0.0025,0.00125,23,0.0009630839361196441,35.0625,225.5997738394416,200.0,16384,0.034722222222222224,0.03471798379905522
02-smooth-diffusion-v1,127,16129,0.0078125,9.0,10.0,0.0001,0.01,5,5,80137,19.738217925560228,1310522.6178207444,663.9518434557701,66395.18434557701,6639.518434557702,8.297229789465236e-06,True,2.5e-05,1.25e-05,2.5e-05,1.25e-05,30,7.520399720319969e-06,35.0625,225.5997738394416,200.0,16384,0.034722222222222224,0.03471798379905522
02-smooth-diffusion-v1,127,16129,0.0078125,9.0,10.0,1e-06,0.01,5,5,80137,19.738217925560228,1310522.6178207444,663.9518434557701,66395.18434557701,6639.518434557702,8.297229789465236e-06,False,2.5e-07,1.25e-07,2.5e-07,1.25e-07,36,1.1750579853101198e-07,35.0625,225.5997738394416,200.0,16384,0.034722222222222224,0.03471798379905522
02-smooth-diffusion-v1,127,16129,0.0078125,99.0,100.0,0.01,0.01,5,5,80137,19.738217925560228,13105226.178207444,66.39518434557702,663951.8434557702,6639.518434557702,4.8885296014082336e-05,True,0.0025,0.00125,0.0025,0.00125,26,0.0011093553031415368,355.6875,2288.5709677723034,2000.0,16384,0.034722222222222224,0.03471798379905522
02-smooth-diffusion-v1,127,16129,0.0078125,99.0,100.0,0.0001,0.01,5,5,80137,19.738217925560228,13105226.178207444,66.39518434557702,663951.8434557702,6639.518434557702,4.8885296014082336e-05,False,2.5e-05,1.25e-05,2.5e-05,1.25e-05,33,8.666306495459412e-06,355.6875,2288.5709677723034,2000.0,16384,0.034722222222222224,0.03471798379905522
02-smooth-diffusion-v1,127,16129,0.0078125,99.0,100.0,1e-06,0.01,5,5,80137,19.738217925560228,13105226.178207444,66.39518434557702,663951.8434557702,6639.518434557702,4.8885296014082336e-05,False,2.5e-07,1.25e-07,2.5e-07,1.25e-07,40,6.770548703865713e-08,355.6875,2288.5709677723034,2000.0,16384,0.034722222222222224,0.03471798379905522
02-smooth-diffusion-v1,255,65025,0.00390625,0.0,1.0,0.01,0.01,5,5,324105,19.738961079293464,524268.26103892067,26560.07370058031,26560.07370058031,26560.07370058031,1.0596300449429286e-06,True,0.0025,0.00125,0.0025,0.00125,23,0.0006924987689012502,3.0,38.75583912075794,20.0,65536,0.034722222222222224,0.03472116259217728
02-smooth-diffusion-v1,255,65025,0.00390625,0.0,1.0,0.0001,0.01,5,5,324105,19.738961079293464,524268.26103892067,26560.07370058031,26560.07370058031,26560.07370058031,1.0596300449429286e-06,True,2.5e-05,1.25e-05,2.5e-05,1.25e-05,29,1.0799214323472106e-05,3.0,38.75583912075794,20.0,65536,0.034722222222222224,0.03472116259217728
02-smooth-diffusion-v1,255,65025,0.00390625,0.0,1.0,1e-06,0.01,5,5,324105,19.738961079293464,524268.26103892067,26560.07370058031,26560.07370058031,26560.07370058031,1.0596300449429286e-06,False,2.5e-07,1.25e-07,2.5e-07,1.25e-07,36,8.436627349958822e-08,3.0,38.75583912075794,20.0,65536,0.034722222222222224,0.03472116259217728
02-smooth-diffusion-v1,255,65025,0.00390625,1.0,2.0,0.01,0.01,5,5,324105,19.738961079293464,1048536.5220778413,13280.036850290155,53120.14740116062,26560.07370058031,1.17325989564896e-06,True,0.0025,0.00125,0.0025,0.00125,23,0.0010475794603732242,6.5625,84.778398076658,40.0,65536,0.034722222222222224,0.03472116259217728
02-smooth-diffusion-v1,255,65025,0.00390625,1.0,2.0,0.0001,0.01,5,5,324105,19.738961079293464,1048536.5220778413,13280.036850290155,53120.14740116062,26560.07370058031,1.17325989564896e-06,True,2.5e-05,1.25e-05,2.5e-05,1.25e-05,30,8.16814463266254e-06,6.5625,84.778398076658,40.0,65536,0.034722222222222224,0.03472116259217728
02-smooth-diffusion-v1,255,65025,0.00390625,1.0,2.0,1e-06,0.01,5,5,324105,19.738961079293464,1048536.5220778413,13280.036850290155,53120.14740116062,26560.07370058031,1.17325989564896e-06,False,2.5e-07,1.25e-07,2.5e-07,1.25e-07,37,6.381265105462425e-08,6.5625,84.778398076658,40.0,65536,0.034722222222222224,0.03472116259217728
02-smooth-diffusion-v1,255,65025,0.00390625,9.0,10.0,0.01,0.01,5,5,324105,19.738961079293464,5242682.610389207,2656.007370058031,265600.7370058031,26560.07370058031,2.08229870129721e-06,True,0.0025,0.00125,0.0025,0.00125,25,0.0009706127928057577,35.0625,452.9588697238584,200.0,65536,0.034722222222222224,0.03472116259217728
02-smooth-diffusion-v1,255,65025,0.00390625,9.0,10.0,0.0001,0.01,5,5,324105,19.738961079293464,5242682.610389207,2656.007370058031,265600.7370058031,26560.07370058031,2.08229870129721e-06,True,2.5e-05,1.25e-05,2.5e-05,1.25e-05,32,7.579190179349668e-06,35.0625,452.9588697238584,200.0,65536,0.034722222222222224,0.03472116259217728
02-smooth-diffusion-v1,255,65025,0.00390625,9.0,10.0,1e-06,0.01,5,5,324105,19.738961079293464,5242682.610389207,2656.007370058031,265600.7370058031,26560.07370058031,2.08229870129721e-06,False,2.5e-07,1.25e-07,2.5e-07,1.25e-07,38,1.1842439597513496e-07,35.0625,452.9588697238584,200.0,65536,0.034722222222222224,0.03472116259217728
02-smooth-diffusion-v1,255,65025,0.00390625,99.0,100.0,0.01,0.01,5,5,324105,19.738961079293464,52426826.103892066,265.60073700580307,2656007.370058031,26560.07370058031,1.2308985264840022e-05,True,0.0025,0.00125,0.0025,0.00125,28,0.0011180238489063576,355.6875,4594.989175754863,2000.0,65536,0.034722222222222224,0.03472116259217728
02-smooth-diffusion-v1,255,65025,0.00390625,99.0,100.0,0.0001,0.01,5,5,324105,19.738961079293464,52426826.103892066,265.60073700580307,2656007.370058031,26560.07370058031,1.2308985264840022e-05,True,2.5e-05,1.25e-05,2.5e-05,1.25e-05,35,8.73402537383894e-06,355.6875,4594.989175754863,2000.0,65536,0.034722222222222224,0.03472116259217728
02-smooth-diffusion-v1,255,65025,0.00390625,99.0,100.0,1e-06,0.01,5,5,324105,19.738961079293464,52426826.103892066,265.60073700580307,2656007.370058031,26560.07370058031,1.2308985264840022e-05,False,2.5e-07,1.25e-07,2.5e-07,1.25e-07,42,6.823454052360745e-08,355.6875,4594.989175754863,2000.0,65536,0.034722222222222224,0.03472116259217728
02-smooth-diffusion-v1,511,261121,0.001953125,0.0,1.0,0.01,0.01,5,5,1303561,19.739146871224236,2097132.260853129,106242.2947929088,106242.2947929088,106242.2947929088,2.6490902706023513e-07,True,0.0025,0.00125,0.0025,0.00125,25,0.0006952077307121373,3.0,77.66293092609844,20.0,262144,0.034722222222222224,0.03472195731319516
02-smooth-diffusion-v1,511,261121,0.001953125,0.0,1.0,0.0001,0.01,5,5,1303561,19.739146871224236,2097132.260853129,106242.2947929088,106242.2947929088,106242.2947929088,2.6490902706023513e-07,True,2.5e-05,1.25e-05,2.5e-05,1.25e-05,31,1.0841459592978563e-05,3.0,77.66293092609844,20.0,262144,0.034722222222222224,0.03472195731319516
02-smooth-diffusion-v1,511,261121,0.001953125,0.0,1.0,1e-06,0.01,5,5,1303561,19.739146871224236,2097132.260853129,106242.2947929088,106242.2947929088,106242.2947929088,2.6490902706023513e-07,False,2.5e-07,1.25e-07,2.5e-07,1.25e-07,38,8.469630456653624e-08,3.0,77.66293092609844,20.0,262144,0.034722222222222224,0.03472195731319516
02-smooth-diffusion-v1,511,261121,0.001953125,1.0,2.0,0.01,0.01,5,5,1303561,19.739146871224236,4194264.521706258,53121.1473964544,212484.5895858176,106242.2947929088,2.9342773233781546e-07,True,0.0025,0.00125,0.0025,0.00125,25,0.0010516755435002396,6.5625,169.88766140084033,40.0,262144,0.034722222222222224,0.03472195731319516
02-smooth-diffusion-v1,511,261121,0.001953125,1.0,2.0,0.0001,0.01,5,5,1303561,19.739146871224236,4194264.521706258,53121.1473964544,212484.5895858176,106242.2947929088,2.9342773233781546e-07,True,2.5e-05,1.25e-05,2.5e-05,1.25e-05,32,8.200082599899225e-06,6.5625,169.88766140084033,40.0,262144,0.034722222222222224,0.03472195731319516
02-smooth-diffusion-v1,511,261121,0.001953125,1.0,2.0,1e-06,0.01,5,5,1303561,19.739146871224236,4194264.521706258,53121.1473964544,212484.5895858176,106242.2947929088,2.9342773233781546e-07,False,2.5e-07,1.25e-07,2.5e-07,1.25e-07,39,6.406216260539573e-08,6.5625,169.88766140084033,40.0,262144,0.034722222222222224,0.03472195731319516
02-smooth-diffusion-v1,511,261121,0.001953125,9.0,10.0,0.01,0.01,5,5,1303561,19.739146871224236,20971322.60853129,10624.22947929088,1062422.947929088,106242.2947929088,5.21577374558458e-07,True,0.0025,0.00125,0.0025,0.00125,27,0.0009744054296334729,35.0625,907.6855051987756,200.0,262144,0.034722222222222224,0.03472195731319516
02-smooth-diffusion-v1,511,261121,0.001953125,9.0,10.0,0.0001,0.01,5,5,1303561,19.739146871224236,20971322.60853129,10624.22947929088,1062422.947929088,106242.2947929088,5.21577374558458e-07,True,2.5e-05,1.25e-05,2.5e-05,1.25e-05,34,7.608805645115448e-06,35.0625,907.6855051987756,200.0,262144,0.034722222222222224,0.03472195731319516
02-smooth-diffusion-v1,511,261121,0.001953125,9.0,10.0,1e-06,0.01,5,5,1303561,19.739146871224236,20971322.60853129,10624.22947929088,1062422.947929088,106242.2947929088,5.21577374558458e-07,False,2.5e-07,1.25e-07,2.5e-07,1.25e-07,40,1.1888713587136548e-07,35.0625,907.6855051987756,200.0,262144,0.034722222222222224,0.03472195731319516
02-smooth-diffusion-v1,511,261121,0.001953125,99.0,100.0,0.01,0.01,5,5,1303561,19.739146871224236,209713226.0853129,1062.422947929088,10624229.47929088,106242.2947929088,3.088260849540687e-06,True,0.0025,0.00125,0.0025,0.00125,30,0.0011223915409105702,355.6875,9207.911247925547,2000.0,262144,0.034722222222222224,0.03472195731319516
02-smooth-diffusion-v1,511,261121,0.001953125,99.0,100.0,0.0001,0.01,5,5,1303561,19.739146871224236,209713226.0853129,1062.422947929088,10624229.47929088,106242.2947929088,3.088260849540687e-06,True,2.5e-05,1.25e-05,2.5e-05,1.25e-05,37,8.768145878950834e-06,355.6875,9207.911247925547,2000.0,262144,0.034722222222222224,0.03472195731319516
02-smooth-diffusion-v1,511,261121,0.001953125,99.0,100.0,1e-06,0.01,5,5,1303561,19.739146871224236,209713226.0853129,1062.422947929088,10624229.47929088,106242.2947929088,3.088260849540687e-06,False,2.5e-07,1.25e-07,2.5e-07,1.25e-07,44,6.850110684231962e-08,355.6875,9207.911247925547,2000.0,262144,0.034722222222222224,0.03472195731319516
02-smooth-diffusion-v1,1023,1046529,0.0009765625,0.0,1.0,0.01,0.01,5,5,5228553,19.73919331942552,8388588.26080668,424971.17916928214,424971.17916928214,424971.17916928214,6.622735150409022e-08,True,0.0025,0.00125,0.0025,0.00125,27,0.0006965665310227961,3.0,155.47747825032795,20.0,1048576,0.034722222222222224,0.03472215599487072
02-smooth-diffusion-v1,1023,1046529,0.0009765625,0.0,1.0,0.0001,0.01,5,5,5228553,19.73919331942552,8388588.26080668,424971.17916928214,424971.17916928214,424971.17916928214,6.622735150409022e-08,True,2.5e-05,1.25e-05,2.5e-05,1.25e-05,33,1.0862649537650166e-05,3.0,155.47747825032795,20.0,1048576,0.034722222222222224,0.03472215599487072
02-smooth-diffusion-v1,1023,1046529,0.0009765625,0.0,1.0,1e-06,0.01,5,5,5228553,19.73919331942552,8388588.26080668,424971.17916928214,424971.17916928214,424971.17916928214,6.622735150409022e-08,True,2.5e-07,1.25e-07,2.5e-07,1.25e-07,40,8.486184593655955e-08,3.0,155.47747825032795,20.0,1048576,0.034722222222222224,0.03472215599487072
02-smooth-diffusion-v1,1023,1046529,0.0009765625,1.0,2.0,0.01,0.01,5,5,5228553,19.73919331942552,16777176.52161336,212485.58958464107,849942.3583385643,424971.17916928214,7.337097023970029e-08,True,0.0025,0.00125,0.0025,0.00125,27,0.0010537305912171778,6.5625,340.1069836725924,40.0,1048576,0.034722222222222224,0.03472215599487072
02-smooth-diffusion-v1,1023,1046529,0.0009765625,1.0,2.0,0.0001,0.01,5,5,5228553,19.73919331942552,16777176.52161336,212485.58958464107,849942.3583385643,424971.17916928214,7.337097023970029e-08,True,2.5e-05,1.25e-05,2.5e-05,1.25e-05,34,8.21610617402491e-06,6.5625,340.1069836725924,40.0,1048576,0.034722222222222224,0.03472215599487072
02-smooth-diffusion-v1,1023,1046529,0.0009765625,1.0,2.0,1e-06,0.01,5,5,5228553,19.73919331942552,16777176.52161336,212485.58958464107,849942.3583385643,424971.17916928214,7.337097023970029e-08,True,2.5e-07,1.25e-07,2.5e-07,1.25e-07,41,6.418734486028799e-08,6.5625,340.1069836725924,40.0,1048576,0.034722222222222224,0.03472215599487072
02-smooth-diffusion-v1,1023,1046529,0.0009765625,9.0,10.0,0.01,0.01,5,5,5228553,19.73919331942552,83885882.6080668,42497.11791692821,4249711.791692821,424971.17916928214,1.305199201245808e-07,True,0.0025,0.00125,0.0025,0.00125,29,0.0009763088591235537,35.0625,1817.1430270507078,200.0,1048576,0.034722222222222224,0.03472215599487072
02-smooth-diffusion-v1,1023,1046529,0.0009765625,9.0,10.0,0.0001,0.01,5,5,5228553,19.73919331942552,83885882.6080668,42497.11791692821,4249711.791692821,424971.17916928214,1.305199201245808e-07,True,2.5e-05,1.25e-05,2.5e-05,1.25e-05,36,7.623668897303354e-06,35.0625,1817.1430270507078,200.0,1048576,0.034722222222222224,0.03472215599487072
02-smooth-diffusion-v1,1023,1046529,0.0009765625,9.0,10.0,1e-06,0.01,5,5,5228553,19.73919331942552,83885882.6080668,42497.11791692821,4249711.791692821,424971.17916928214,1.305199201245808e-07,True,2.5e-07,1.25e-07,2.5e-07,1.25e-07,42,1.1911937330426703e-07,35.0625,1817.1430270507078,200.0,1048576,0.034722222222222224,0.03472215599487072
02-smooth-diffusion-v1,1023,1046529,0.0009765625,99.0,100.0,0.01,0.01,5,5,5228553,19.73919331942552,838858826.080668,4249.711791692822,42497117.91692822,424971.17916928214,7.734456063294866e-07,True,0.0025,0.00125,0.0025,0.00125,32,0.0011245838128022252,355.6875,18433.798515054506,2000.0,1048576,0.034722222222222224,0.03472215599487072
02-smooth-diffusion-v1,1023,1046529,0.0009765625,99.0,100.0,0.0001,0.01,5,5,5228553,19.73919331942552,838858826.080668,4249.711791692822,42497117.91692822,424971.17916928214,7.734456063294866e-07,True,2.5e-05,1.25e-05,2.5e-05,1.25e-05,39,8.78527195347607e-06,355.6875,18433.798515054506,2000.0,1048576,0.034722222222222224,0.03472215599487072
02-smooth-diffusion-v1,1023,1046529,0.0009765625,99.0,100.0,1e-06,0.01,5,5,5228553,19.73919331942552,838858826.080668,4249.711791692822,42497117.91692822,424971.17916928214,7.734456063294866e-07,False,2.5e-07,1.25e-07,2.5e-07,1.25e-07,46,6.863490423548777e-08,355.6875,18433.798515054506,2000.0,1048576,0.034722222222222224,0.03472215599487072
02-smooth-diffusion-v1,4095,16769025,0.000244140625,0.0,1.0,0.01,0.01,5,5,83828745,19.739207834506356,134217708.26079218,6799548.866706014,6799548.866706014,6799548.866706014,4.139211319377346e-09,True,0.0025,0.00125,0.0025,0.00125,31,0.000697587528494403,3.0,622.3654010331883,20.0,16777216,0.034722222222222224,0.0347222180830109
02-smooth-diffusion-v1,4095,16769025,0.000244140625,0.0,1.0,0.0001,0.01,5,5,83828745,19.739207834506356,134217708.26079218,6799548.866706014,6799548.866706014,6799548.866706014,4.139211319377346e-09,True,2.5e-05,1.25e-05,2.5e-05,1.25e-05,37,1.0878571561025461e-05,3.0,622.3654010331883,20.0,16777216,0.034722222222222224,0.0347222180830109
02-smooth-diffusion-v1,4095,16769025,0.000244140625,0.0,1.0,1e-06,0.01,5,5,83828745,19.739207834506356,134217708.26079218,6799548.866706014,6799548.866706014,6799548.866706014,4.139211319377346e-09,True,2.5e-07,1.25e-07,2.5e-07,1.25e-07,44,8.498623292988165e-08,3.0,622.3654010331883,20.0,16777216,0.034722222222222224,0.0347222180830109
02-smooth-diffusion-v1,4095,16769025,0.000244140625,1.0,2.0,0.01,0.01,5,5,83828745,19.739207834506356,268435416.52158436,3399774.433353007,13599097.733412027,6799548.866706014,4.586342058677595e-09,True,0.0025,0.00125,0.0025,0.00125,31,0.0010552749550615703,6.5625,1361.4243147600994,40.0,16777216,0.034722222222222224,0.0347222180830109
02-smooth-diffusion-v1,4095,16769025,0.000244140625,1.0,2.0,0.0001,0.01,5,5,83828745,19.739207834506356,268435416.52158436,3399774.433353007,13599097.733412027,6799548.866706014,4.586342058677595e-09,True,2.5e-05,1.25e-05,2.5e-05,1.25e-05,38,8.228147838152292e-06,6.5625,1361.4243147600994,40.0,16777216,0.034722222222222224,0.0347222180830109
02-smooth-diffusion-v1,4095,16769025,0.000244140625,1.0,2.0,1e-06,0.01,5,5,83828745,19.739207834506356,268435416.52158436,3399774.433353007,13599097.733412027,6799548.866706014,4.586342058677595e-09,True,2.5e-07,1.25e-07,2.5e-07,1.25e-07,45,6.428141891892626e-08,6.5625,1361.4243147600994,40.0,16777216,0.034722222222222224,0.0347222180830109
02-smooth-diffusion-v1,4095,16769025,0.000244140625,9.0,10.0,0.01,0.01,5,5,83828745,19.739207834506356,1342177082.6079218,679954.8866706013,67995488.66706014,6799548.866706014,8.163387973079582e-09,True,0.0025,0.00125,0.0025,0.00125,33,0.0009777395562529988,35.0625,7273.895624575388,200.0,16777216,0.034722222222222224,0.0347222180830109
02-smooth-diffusion-v1,4095,16769025,0.000244140625,9.0,10.0,0.0001,0.01,5,5,83828745,19.739207834506356,1342177082.6079218,679954.8866706013,67995488.66706014,6799548.866706014,8.163387973079582e-09,True,2.5e-05,1.25e-05,2.5e-05,1.25e-05,40,7.634840734777918e-06,35.0625,7273.895624575388,200.0,16777216,0.034722222222222224,0.0347222180830109
02-smooth-diffusion-v1,4095,16769025,0.000244140625,9.0,10.0,1e-06,0.01,5,5,83828745,19.739207834506356,1342177082.6079218,679954.8866706013,67995488.66706014,6799548.866706014,8.163387973079582e-09,True,2.5e-07,1.25e-07,2.5e-07,1.25e-07,46,1.1929393260099126e-07,35.0625,7273.895624575388,200.0,16777216,0.034722222222222224,0.0347222180830109
02-smooth-diffusion-v1,4095,16769025,0.000244140625,99.0,100.0,0.01,0.01,5,5,83828745,19.739207834506356,13421770826.079218,67995.48866706014,679954886.6706014,6799548.866706014,4.840515451010195e-08,True,0.0025,0.00125,0.0025,0.00125,36,0.001126231719833799,355.6875,73789.19785999738,2000.0,16777216,0.034722222222222224,0.0347222180830109
02-smooth-diffusion-v1,4095,16769025,0.000244140625,99.0,100.0,0.0001,0.01,5,5,83828745,19.739207834506356,13421770826.079218,67995.48866706014,679954886.6706014,6799548.866706014,4.840515451010195e-08,True,2.5e-05,1.25e-05,2.5e-05,1.25e-05,43,8.798145437611323e-06,355.6875,73789.19785999738,2000.0,16777216,0.034722222222222224,0.0347222180830109
02-smooth-diffusion-v1,4095,16769025,0.000244140625,99.0,100.0,1e-06,0.01,5,5,83828745,19.739207834506356,13421770826.079218,67995.48866706014,679954886.6706014,6799548.866706014,4.840515451010195e-08,True,2.5e-07,1.25e-07,2.5e-07,1.25e-07,50,6.873547828210717e-08,355.6875,73789.19785999738,2000.0,16777216,0.034722222222222224,0.0347222180830109
02-smooth-diffusion-v1,16383,268402689,6.103515625e-05,0.0,1.0,0.01,0.01,5,5,1341947913,19.739208741699194,2147483628.2607913,108792791.86729608,108792791.86729608,108792791.86729608,2.587007146890986e-10,True,0.0025,0.00125,0.0025,0.00125,35,0.0006978430324773928,3.0,2489.9174350475582,20.0,268435456,0.034722222222222224,0.03472222196352151
02-smooth-diffusion-v1,16383,268402689,6.103515625e-05,0.0,1.0,0.0001,0.01,5,5,1341947913,19.739208741699194,2147483628.2607913,108792791.86729608,108792791.86729608,108792791.86729608,2.587007146890986e-10,True,2.5e-05,1.25e-05,2.5e-05,1.25e-05,41,1.0882556034558276e-05,3.0,2489.9174350475582,20.0,268435456,0.034722222222222224,0.03472222196352151
02-smooth-diffusion-v1,16383,268402689,6.103515625e-05,0.0,1.0,1e-06,0.01,5,5,1341947913,19.739208741699194,2147483628.2607913,108792791.86729608,108792791.86729608,108792791.86729608,2.587007146890986e-10,True,2.5e-07,1.25e-07,2.5e-07,1.25e-07,48,8.501736067447268e-08,3.0,2489.9174350475582,20.0,268435456,0.034722222222222224,0.03472222196352151
02-smooth-diffusion-v1,16383,268402689,6.103515625e-05,1.0,2.0,0.01,0.01,5,5,1341947913,19.739208741699194,4294967256.5215826,54396395.93364804,217585583.73459217,108792791.86729608,2.866566220575493e-10,True,0.0025,0.00125,0.0025,0.00125,35,0.0010556614591556844,6.5625,5446.694389166534,40.0,268435456,0.034722222222222224,0.03472222196352151
02-smooth-diffusion-v1,16383,268402689,6.103515625e-05,1.0,2.0,0.0001,0.01,5,5,1341947913,19.739208741699194,4294967256.5215826,54396395.93364804,217585583.73459217,108792791.86729608,2.866566220575493e-10,True,2.5e-05,1.25e-05,2.5e-05,1.25e-05,42,8.231161473221106e-06,6.5625,5446.694389166534,40.0,268435456,0.034722222222222224,0.03472222196352151
02-smooth-diffusion-v1,16383,268402689,6.103515625e-05,1.0,2.0,1e-06,0.01,5,5,1341947913,19.739208741699194,4294967256.5215826,54396395.93364804,217585583.73459217,108792791.86729608,2.866566220575493e-10,True,2.5e-07,1.25e-07,2.5e-07,1.25e-07,49,6.43049625817907e-08,6.5625,5446.694389166534,40.0,268435456,0.034722222222222224,0.03472222196352151
02-smooth-diffusion-v1,16383,268402689,6.103515625e-05,9.0,10.0,0.01,0.01,5,5,1341947913,19.739208741699194,21474836282.607914,10879279.186729608,1087927918.6729608,108792791.86729608,5.103038810051545e-10,True,0.0025,0.00125,0.0025,0.00125,37,0.0009780976500301634,35.0625,29100.91002211834,200.0,268435456,0.034722222222222224,0.03472222196352151
02-smooth-diffusion-v1,16383,268402689,6.103515625e-05,9.0,10.0,0.0001,0.01,5,5,1341947913,19.739208741699194,21474836282.607914,10879279.186729608,1087927918.6729608,108792791.86729608,5.103038810051545e-10,True,2.5e-05,1.25e-05,2.5e-05,1.25e-05,44,7.637636969325077e-06,35.0625,29100.91002211834,200.0,268435456,0.034722222222222224,0.03472222196352151
02-smooth-diffusion-v1,16383,268402689,6.103515625e-05,9.0,10.0,1e-06,0.01,5,5,1341947913,19.739208741699194,21474836282.607914,10879279.186729608,1087927918.6729608,108792791.86729608,5.103038810051545e-10,True,2.5e-07,1.25e-07,2.5e-07,1.25e-07,50,1.193376235995795e-07,35.0625,29100.91002211834,200.0,268435456,0.034722222222222224,0.03472222196352151
02-smooth-diffusion-v1,16383,268402689,6.103515625e-05,99.0,100.0,0.01,0.01,5,5,1341947913,19.739208741699194,214748362826.07913,1087927.918672961,10879279186.729609,108792791.86729608,3.0263355441657135e-09,True,0.0025,0.00125,0.0025,0.00125,40,0.001126644193710094,355.6875,295210.83589282614,2000.0,268435456,0.034722222222222224,0.03472222196352151
02-smooth-diffusion-v1,16383,268402689,6.103515625e-05,99.0,100.0,0.0001,0.01,5,5,1341947913,19.739208741699194,214748362826.07913,1087927.918672961,10879279186.729609,108792791.86729608,3.0263355441657135e-09,True,2.5e-05,1.25e-05,2.5e-05,1.25e-05,47,8.801367692070069e-06,355.6875,295210.83589282614,2000.0,268435456,0.034722222222222224,0.03472222196352151
02-smooth-diffusion-v1,16383,268402689,6.103515625e-05,99.0,100.0,1e-06,0.01,5,5,1341947913,19.739208741699194,214748362826.07913,1087927.918672961,10879279186.729609,108792791.86729608,3.0263355441657135e-09,True,2.5e-07,1.25e-07,2.5e-07,1.25e-07,54,6.876065213300021e-08,355.6875,295210.83589282614,2000.0,268435456,0.034722222222222224,0.03472222196352151
