effective_inverse_gap,epsilon_trace_algorithm,expected_A_queries_upper_bound,expected_b_queries_upper_bound
4.0,0.01,253.91797303088308,507.83594606176615
4.0,0.001,263.58903833195774,527.1780766639155
4.0,0.0001,273.2598978015338,546.5197956030676
10.0,0.01,645.4622008460783,1290.9244016921566
10.0,0.001,669.639864098765,1339.27972819753
10.0,0.0001,693.817012772705,1387.63402554541
100.0,0.01,6358.215130621873,12716.430261243746
100.0,0.001,6599.99176314874,13199.98352629748
100.0,0.0001,6841.76324988814,13683.52649977628
1000.0,0.01,61754.884043487604,123509.76808697521
1000.0,0.001,64172.650368756265,128345.30073751253
1000.0,0.0001,66590.36523615028,133180.73047230055
10000.0,0.01,610528.9920174683,1221057.9840349366
10000.0,0.001,634706.6552701549,1269413.3105403099
10000.0,0.0001,658883.803944095,1317767.60788819
