N,kappa,epsilon_state,synthesis_offset,K,query_bound,T_count,BE_controlled_T,slot_T
16,10,0.01,0,40.0,Dalzell Eq118,195847241.8704733,73376,188505
16,10,0.01,10,40.0,Dalzell Eq118,206205571.8959295,78336,198475
16,10,0.01,20,40.0,Dalzell Eq118,216563901.92138565,83296,208445
16,10,0.001,0,40.0,Dalzell Eq118,255434366.7761763,88896,224640
16,10,0.001,10,40.0,Dalzell Eq118,268226552.61232296,94496,235890
16,10,0.001,20,40.0,Dalzell Eq118,281018738.4484696,100096,247140
16,100,0.01,0,400.0,Dalzell Eq118,3305869562.3849382,89456,225765
16,100,0.01,10,400.0,Dalzell Eq118,3470602946.9965057,95056,237015
16,100,0.01,20,400.0,Dalzell Eq118,3635336331.608073,100656,248265
16,100,0.001,0,400.0,Dalzell Eq118,4138567336.005867,106448,264844
16,100,0.001,10,400.0,Dalzell Eq118,4334366556.377685,112688,277374
16,100,0.001,20,400.0,Dalzell Eq118,4530165776.749501,118928,289904
16,1000,0.01,0,4000.0,Dalzell Eq118,50617484018.333595,107072,266097
16,1000,0.01,10,4000.0,Dalzell Eq118,53000964759.3781,113312,278627
16,1000,0.01,20,4000.0,Dalzell Eq118,55384445500.42261,119552,291157
16,1000,0.001,0,4000.0,Dalzell Eq118,61638808245.015686,125536,308120
16,1000,0.001,10,4000.0,Dalzell Eq118,64401471953.517784,132416,321930
16,1000,0.001,20,4000.0,Dalzell Eq118,67164135662.01988,139296,335740
256,10,0.01,0,160.0,Dalzell Eq118,9541430132.994081,534844,1841127
256,10,0.01,10,160.0,Dalzell Eq118,9657774690.694727,546044,1863577
256,10,0.01,20,160.0,Dalzell Eq118,9774119248.395374,557244,1886027
256,10,0.001,0,160.0,Dalzell Eq118,11288126764.76597,594136,2024031
256,10,0.001,10,160.0,Dalzell Eq118,11424039529.56915,606296,2048401
256,10,0.001,20,160.0,Dalzell Eq118,11559952294.372332,618456,2072771
256,100,0.01,0,1600.0,Dalzell Eq118,139793983059.58035,594136,2024031
256,100,0.01,10,1600.0,Dalzell Eq118,141477148666.8077,606296,2048401
256,100,0.01,20,1600.0,Dalzell Eq118,143160314274.03506,618456,2072771
256,100,0.001,0,1600.0,Dalzell Eq118,165094634745.8566,670056,2261606
256,100,0.001,10,1600.0,Dalzell Eq118,167060493747.6924,683496,2288536
256,100,0.001,20,1600.0,Dalzell Eq118,169026352749.52826,696936,2315466
256,1000,0.01,0,16000.0,Dalzell Eq118,1965278248653.7344,671400,2264299
256,1000,0.01,10,16000.0,Dalzell Eq118,1988651903474.1646,684840,2291229
256,1000,0.01,20,16000.0,Dalzell Eq118,2012025558294.5947,698280,2318159
256,1000,0.001,0,16000.0,Dalzell Eq118,2275140167144.655,750264,2507762
256,1000,0.001,10,16000.0,Dalzell Eq118,2301894653227.902,764984,2537252
256,1000,0.001,20,16000.0,Dalzell Eq118,2328649139311.149,779704,2566742
1024,10,0.01,0,320.0,Dalzell Eq118,78209793080.1966,1846526,6867114
1024,10,0.01,10,320.0,Dalzell Eq118,78538366703.75427,1860926,6895964
1024,10,0.01,20,320.0,Dalzell Eq118,78866940327.31195,1875326,6924814
1024,10,0.001,0,320.0,Dalzell Eq118,93082351257.21431,2063374,7644593
1024,10,0.001,10,320.0,Dalzell Eq118,93472599548.7576,2079374,7676643
1024,10,0.001,20,320.0,Dalzell Eq118,93862847840.30087,2095374,7708693
1024,100,0.01,0,3200.0,Dalzell Eq118,1137662191521.0757,2064974,7647798
1024,100,0.01,10,3200.0,Dalzell Eq118,1142429847941.6887,2080974,7679848
1024,100,0.01,20,3200.0,Dalzell Eq118,1147197504362.3015,2096974,7711898
1024,100,0.001,0,3200.0,Dalzell Eq118,1320704124025.4814,2285502,8432637
1024,100,0.001,10,3200.0,Dalzell Eq118,1326224914304.0027,2303102,8467887
1024,100,0.001,20,3200.0,Dalzell Eq118,1331745704582.524,2320702,8503137
1024,1000,0.01,0,32000.0,Dalzell Eq118,15547410938245.352,2285502,8432637
1024,1000,0.01,10,32000.0,Dalzell Eq118,15612402024138.549,2303102,8467887
1024,1000,0.01,20,32000.0,Dalzell Eq118,15677393110031.746,2320702,8503137
1024,1000,0.001,0,32000.0,Dalzell Eq118,17370499834846.977,2458378,9036240
1024,1000,0.001,10,32000.0,Dalzell Eq118,17442874995177.158,2477178,9073890
1024,1000,0.001,20,32000.0,Dalzell Eq118,17515250155507.338,2495978,9111540
16384,10,0.01,0,1280.0,Dalzell Eq118,6113701389412.693,29247006,113413391
16384,10,0.01,10,1280.0,Dalzell Eq118,6116058713882.067,29268846,113457121
16384,10,0.01,20,1280.0,Dalzell Eq118,6118416038351.442,29290686,113500851
16384,10,0.001,0,1280.0,Dalzell Eq118,7119705331342.821,32185798,124795718
16384,10,0.001,10,1280.0,Dalzell Eq118,7122455754190.055,32209878,124843928
16384,10,0.001,20,1280.0,Dalzell Eq118,7125206177037.288,32233958,124892138
16384,100,0.01,0,12800.0,Dalzell Eq118,84923108066505.36,32185798,124795718
16384,100,0.01,10,12800.0,Dalzell Eq118,84955914825467.12,32209878,124843928
16384,100,0.01,20,12800.0,Dalzell Eq118,84988721584428.89,32233958,124892138
16384,100,0.001,0,12800.0,Dalzell Eq118,94938869071254.36,34400210,133353113
16384,100,0.001,10,12800.0,Dalzell Eq118,94975583605829.98,34425970,133404683
16384,100,0.001,20,12800.0,Dalzell Eq118,95012298140405.6,34451730,133456253
16384,1000,0.01,0,128000.0,Dalzell Eq118,1099270407096065.2,34400210,133353113
16384,1000,0.01,10,128000.0,Dalzell Eq118,1099695514344172.2,34425970,133404683
16384,1000,0.01,20,128000.0,Dalzell Eq118,1100120621592279.4,34451730,133456253
16384,1000,0.001,0,128000.0,Dalzell Eq118,1238758591662442.5,37348242,144753920
16384,1000,0.001,10,128000.0,Dalzell Eq118,1239238249961593.8,37376242,144809970
16384,1000,0.001,20,128000.0,Dalzell Eq118,1239717908260745.0,37404242,144866020
