N,kappa,epsilon_state,delta,K,query_cap,rotation_T_upper,T_upper
16,10,0.01,.01,40,46800,1644586944,84124573274664000
16,10,0.001,.01,40,54600,2280724992,152048186047648800
16,100,0.01,.01,400,699200,2335027968,1993467616750060800
16,100,0.001,.01,400,809600,3154033792,3444679354014835200
16,1000,0.01,.01,4000,9044000,3222599744,39316865088244240000
16,1000,0.001,.01,4000,10472000,4256492800,64409420504795520000
256,10,0.01,.01,160,252320,2280724992,1402426985715868160
256,10,0.001,.01,160,292160,3154033792,2422578062099050240
256,100,0.01,.01,1600,3344000,3154033792,27728303120410816000
256,100,0.001,.01,1600,3872000,4038188000,45109475238126464000
256,1000,0.01,.01,16000,41648000,4256492800,511436762720723776000
256,1000,0.001,.01,16000,48224000,5354977824,811127078628009088000
1024,10,0.01,.01,320,559360,2537146304,4434935675206699520
1024,10,0.001,.01,320,647680,3479255808,7763120976226964480
1024,100,0.01,.01,3200,7235200,3479255808,86721425529887187200
1024,100,0.001,.01,3200,8377600,4572176112,141149802912872230400
1024,1000,0.01,.01,32000,88768000,4572176112,1495605627503084672000
1024,1000,0.001,.01,32000,102784000,6013287280,2475370149544503552000
16384,10,0.01,.01,1280,2675200,3222599744,40597078873849062400
16384,10,0.001,.01,1280,3097600,4256492800,66518283402095360000
16384,100,0.01,.01,12800,33318400,4256492800,731367731181477555200
16384,100,0.001,.01,12800,38579200,5625002880,1192030994217838438400
16384,1000,0.01,.01,128000,419840000,5625002880,12972334641786695680000
16384,1000,0.001,.01,128000,482816000,7299217408,20937220675374072832000
