N,kappa,s,epsilon,nflops,hardware,hpcg_pflop_s,published_power_kW,effective_flop_s,assumed_power_W,rate_multiplier,power_multiplier,core_time_s,core_time_h,core_energy_J,core_energy_kWh,J_per_flop,one_vector_lower_bound_bytes,memory_limit_bytes,capacity_status,measurement_status,scope,end_to_end_time_s,end_to_end_energy_J,eligible_for_advantage_claim
1048576,100,5,0.001,13583253504,el_capitan,17.41,29685,1.741e+16,29685000.0,1.0,1.0,7.801983632395175e-07,2.1672176756653264e-10,23.160188412765077,6.433385670212521e-06,1.7050545663411832e-09,8388608,,unresolved,projection; HPCG score and TOP500 power are not paired workload measurements,solver core only; setup/input/output/facility coverage unresolved,,,False
1073741824,100,5,0.001,13909251588096,el_capitan,17.41,29685,1.741e+16,29685000.0,1.0,1.0,0.0007989231239572659,2.2192308998812942e-07,23716.03293467144,0.006587786926297622,1.7050545663411832e-09,8589934592,,unresolved,projection; HPCG score and TOP500 power are not paired workload measurements,solver core only; setup/input/output/facility coverage unresolved,,,False
1099511627776,100,5,0.001,14243073626210304,el_capitan,17.41,29685,1.741e+16,29685000.0,1.0,1.0,0.8180972789322403,0.00022724924414784453,24285217.725103553,6.745893812528765,1.7050545663411832e-09,8796093022208,,unresolved,projection; HPCG score and TOP500 power are not paired workload measurements,solver core only; setup/input/output/facility coverage unresolved,,,False
1267650600228229401496703205376,100,5,0.001,16421145875356483666988293322440704,el_capitan,17.41,29685,1.741e+16,29685000.0,1.0,1.0,9.432019457413258e+17,262000540483701.62,2.799894975933126e+25,7.777486044258683e+18,1.7050545663411832e-09,10141204801825835211973625643008,,unresolved,projection; HPCG score and TOP500 power are not paired workload measurements,solver core only; setup/input/output/facility coverage unresolved,,,False
1048576,100,5,0.001,13583253504,fugaku,16.0,29899,1.6e+16,29899000.0,1.0,1.0,8.48953344e-07,2.358203733333333e-10,25.382856032256,7.0507933422933335e-06,1.8686875e-09,8388608,,unresolved,projection; HPCG score and TOP500 power are not paired workload measurements,solver core only; setup/input/output/facility coverage unresolved,,,False
1073741824,100,5,0.001,13909251588096,fugaku,16.0,29899,1.6e+16,29899000.0,1.0,1.0,0.000869328224256,2.414800622933333e-07,25992.044577030145,0.0072200123825083735,1.8686875e-09,8589934592,,unresolved,projection; HPCG score and TOP500 power are not paired workload measurements,solver core only; setup/input/output/facility coverage unresolved,,,False
1099511627776,100,5,0.001,14243073626210304,fugaku,16.0,29899,1.6e+16,29899000.0,1.0,1.0,0.890192101638144,0.0002472755837883733,26615853.64687887,7.3932926796885745,1.8686875e-09,8796093022208,,unresolved,projection; HPCG score and TOP500 power are not paired workload measurements,solver core only; setup/input/output/facility coverage unresolved,,,False
1267650600228229401496703205376,100,5,0.001,16421145875356483666988293322440704,fugaku,16.0,29899,1.6e+16,29899000.0,1.0,1.0,1.0263216172097802e+18,285089338113827.8,3.068599003295522e+25,8.523886120265339e+18,1.8686875e-09,10141204801825835211973625643008,,unresolved,projection; HPCG score and TOP500 power are not paired workload measurements,solver core only; setup/input/output/facility coverage unresolved,,,False
1048576,100,5,0.001,13583253504,frontier,14.05,24607,1.405e+16,24607000.0,1.0,1.0,9.667796088256229e-07,2.685498913404508e-10,23.789545834372102,6.608207176214473e-06,1.751387900355872e-09,8388608,,unresolved,projection; HPCG score and TOP500 power are not paired workload measurements,solver core only; setup/input/output/facility coverage unresolved,,,False
1073741824,100,5,0.001,13909251588096,frontier,14.05,24607,1.405e+16,24607000.0,1.0,1.0,0.0009899823194374378,2.749950887326216e-07,24360.494934397033,0.006766804148443621,1.751387900355872e-09,8589934592,,unresolved,projection; HPCG score and TOP500 power are not paired workload measurements,solver core only; setup/input/output/facility coverage unresolved,,,False
1099511627776,100,5,0.001,14243073626210304,frontier,14.05,24607,1.405e+16,24607000.0,1.0,1.0,1.0137418951039363,0.0002815949708622045,24945146.81282256,6.9292074480062675,1.751387900355872e-09,8796093022208,,unresolved,projection; HPCG score and TOP500 power are not paired workload measurements,solver core only; setup/input/output/facility coverage unresolved,,,False
1267650600228229401496703205376,100,5,0.001,16421145875356483666988293322440704,frontier,14.05,24607,1.405e+16,24607000.0,1.0,1.0,1.1687648309862267e+18,324656897496174.06,2.875979619607808e+25,7.988832276688356e+18,1.751387900355872e-09,10141204801825835211973625643008,,unresolved,projection; HPCG score and TOP500 power are not paired workload measurements,solver core only; setup/input/output/facility coverage unresolved,,,False
1048576,100,5,0.001,13583253504,aurora,5.613,38698,5613000000000000.0,38698000.0,1.0,1.0,2.4199632111170496e-06,6.722120030880693e-10,93.64773634380758,2.6013260095502105e-05,6.894352396223054e-09,8388608,,unresolved,projection; HPCG score and TOP500 power are not paired workload measurements,solver core only; setup/input/output/facility coverage unresolved,,,False
1073741824,100,5,0.001,13909251588096,aurora,5.613,38698,5613000000000000.0,38698000.0,1.0,1.0,0.0024780423281838587,6.88345091162183e-07,95895.28201605896,0.026637578337794156,6.894352396223054e-09,8589934592,,unresolved,projection; HPCG score and TOP500 power are not paired workload measurements,solver core only; setup/input/output/facility coverage unresolved,,,False
1099511627776,100,5,0.001,14243073626210304,aurora,5.613,38698,5613000000000000.0,38698000.0,1.0,1.0,2.5375153440602713,0.0007048653733500754,98196768.78444438,27.276880217901216,6.894352396223054e-09,8796093022208,,unresolved,projection; HPCG score and TOP500 power are not paired workload measurements,solver core only; setup/input/output/facility coverage unresolved,,,False
1267650600228229401496703205376,100,5,0.001,16421145875356483666988293322440704,aurora,5.613,38698,5613000000000000.0,38698000.0,1.0,1.0,2.925556008436929e+18,812654446788035.9,1.1321316641449227e+26,3.144810178180341e+19,6.894352396223054e-09,10141204801825835211973625643008,,unresolved,projection; HPCG score and TOP500 power are not paired workload measurements,solver core only; setup/input/output/facility coverage unresolved,,,False
