hardware,hpcg_pflop_s,published_power_kW,effective_flop_s,assumed_power_W,rate_multiplier,power_multiplier,core_time_s,core_time_h,core_energy_J,core_energy_kWh,J_per_flop,one_vector_lower_bound_bytes,memory_limit_bytes,capacity_status,measurement_status,scope,end_to_end_time_s,end_to_end_energy_J,eligible_for_advantage_claim
el_capitan,17.41,29685,4352500000000000.0,20779500.0,0.25,0.7,0.0031956924958290635,8.876923599525177e-07,66404.89221708002,0.018445803393633338,4.774152785755313e-09,8589934592,,unresolved,projection; HPCG score and TOP500 power are not paired workload measurements,solver core only; setup/input/output/facility coverage unresolved,,,False
el_capitan,17.41,29685,4352500000000000.0,29685000.0,0.25,1.0,0.0031956924958290635,8.876923599525177e-07,94864.13173868576,0.026351147705190488,6.820218265364733e-09,8589934592,,unresolved,projection; HPCG score and TOP500 power are not paired workload measurements,solver core only; setup/input/output/facility coverage unresolved,,,False
el_capitan,17.41,29685,4352500000000000.0,38590500.0,0.25,1.3,0.0031956924958290635,8.876923599525177e-07,123323.37126029147,0.03425649201674763,8.866283744974153e-09,8589934592,,unresolved,projection; HPCG score and TOP500 power are not paired workload measurements,solver core only; setup/input/output/facility coverage unresolved,,,False
el_capitan,17.41,29685,8705000000000000.0,20779500.0,0.5,0.7,0.0015978462479145318,4.4384617997625884e-07,33202.44610854001,0.009222901696816669,2.3870763928776565e-09,8589934592,,unresolved,projection; HPCG score and TOP500 power are not paired workload measurements,solver core only; setup/input/output/facility coverage unresolved,,,False
el_capitan,17.41,29685,8705000000000000.0,29685000.0,0.5,1.0,0.0015978462479145318,4.4384617997625884e-07,47432.06586934288,0.013175573852595244,3.4101091326823664e-09,8589934592,,unresolved,projection; HPCG score and TOP500 power are not paired workload measurements,solver core only; setup/input/output/facility coverage unresolved,,,False
el_capitan,17.41,29685,8705000000000000.0,38590500.0,0.5,1.3,0.0015978462479145318,4.4384617997625884e-07,61661.68563014574,0.017128246008373815,4.433141872487077e-09,8589934592,,unresolved,projection; HPCG score and TOP500 power are not paired workload measurements,solver core only; setup/input/output/facility coverage unresolved,,,False
el_capitan,17.41,29685,1.741e+16,20779500.0,1.0,0.7,0.0007989231239572659,2.2192308998812942e-07,16601.223054270005,0.0046114508484083345,1.1935381964388283e-09,8589934592,,unresolved,projection; HPCG score and TOP500 power are not paired workload measurements,solver core only; setup/input/output/facility coverage unresolved,,,False
el_capitan,17.41,29685,1.741e+16,29685000.0,1.0,1.0,0.0007989231239572659,2.2192308998812942e-07,23716.03293467144,0.006587786926297622,1.7050545663411832e-09,8589934592,,unresolved,projection; HPCG score and TOP500 power are not paired workload measurements,solver core only; setup/input/output/facility coverage unresolved,,,False
el_capitan,17.41,29685,1.741e+16,38590500.0,1.0,1.3,0.0007989231239572659,2.2192308998812942e-07,30830.84281507287,0.008564123004186908,2.2165709362435383e-09,8589934592,,unresolved,projection; HPCG score and TOP500 power are not paired workload measurements,solver core only; setup/input/output/facility coverage unresolved,,,False
el_capitan,17.41,29685,3.482e+16,20779500.0,2.0,0.7,0.00039946156197863294,1.1096154499406471e-07,8300.611527135003,0.0023057254242041672,5.967690982194141e-10,8589934592,,unresolved,projection; HPCG score and TOP500 power are not paired workload measurements,solver core only; setup/input/output/facility coverage unresolved,,,False
el_capitan,17.41,29685,3.482e+16,29685000.0,2.0,1.0,0.00039946156197863294,1.1096154499406471e-07,11858.01646733572,0.003293893463148811,8.525272831705916e-10,8589934592,,unresolved,projection; HPCG score and TOP500 power are not paired workload measurements,solver core only; setup/input/output/facility coverage unresolved,,,False
el_capitan,17.41,29685,3.482e+16,38590500.0,2.0,1.3,0.00039946156197863294,1.1096154499406471e-07,15415.421407536434,0.004282061502093454,1.1082854681217692e-09,8589934592,,unresolved,projection; HPCG score and TOP500 power are not paired workload measurements,solver core only; setup/input/output/facility coverage unresolved,,,False
fugaku,16.0,29899,4000000000000000.0,20929300.0,0.25,0.7,0.003477312897024,9.659202491733332e-07,72777.7248156844,0.020216034671023446,5.232325e-09,8589934592,,unresolved,projection; HPCG score and TOP500 power are not paired workload measurements,solver core only; setup/input/output/facility coverage unresolved,,,False
fugaku,16.0,29899,4000000000000000.0,29899000.0,0.25,1.0,0.003477312897024,9.659202491733332e-07,103968.17830812058,0.028880049530033494,7.47475e-09,8589934592,,unresolved,projection; HPCG score and TOP500 power are not paired workload measurements,solver core only; setup/input/output/facility coverage unresolved,,,False
fugaku,16.0,29899,4000000000000000.0,38868700.0,0.25,1.3,0.003477312897024,9.659202491733332e-07,135158.63180055676,0.03754406438904354,9.717175e-09,8589934592,,unresolved,projection; HPCG score and TOP500 power are not paired workload measurements,solver core only; setup/input/output/facility coverage unresolved,,,False
fugaku,16.0,29899,8000000000000000.0,20929300.0,0.5,0.7,0.001738656448512,4.829601245866666e-07,36388.8624078422,0.010108017335511723,2.6161625e-09,8589934592,,unresolved,projection; HPCG score and TOP500 power are not paired workload measurements,solver core only; setup/input/output/facility coverage unresolved,,,False
fugaku,16.0,29899,8000000000000000.0,29899000.0,0.5,1.0,0.001738656448512,4.829601245866666e-07,51984.08915406029,0.014440024765016747,3.737375e-09,8589934592,,unresolved,projection; HPCG score and TOP500 power are not paired workload measurements,solver core only; setup/input/output/facility coverage unresolved,,,False
fugaku,16.0,29899,8000000000000000.0,38868700.0,0.5,1.3,0.001738656448512,4.829601245866666e-07,67579.31590027838,0.01877203219452177,4.8585875e-09,8589934592,,unresolved,projection; HPCG score and TOP500 power are not paired workload measurements,solver core only; setup/input/output/facility coverage unresolved,,,False
fugaku,16.0,29899,1.6e+16,20929300.0,1.0,0.7,0.000869328224256,2.414800622933333e-07,18194.4312039211,0.0050540086677558615,1.30808125e-09,8589934592,,unresolved,projection; HPCG score and TOP500 power are not paired workload measurements,solver core only; setup/input/output/facility coverage unresolved,,,False
fugaku,16.0,29899,1.6e+16,29899000.0,1.0,1.0,0.000869328224256,2.414800622933333e-07,25992.044577030145,0.0072200123825083735,1.8686875e-09,8589934592,,unresolved,projection; HPCG score and TOP500 power are not paired workload measurements,solver core only; setup/input/output/facility coverage unresolved,,,False
fugaku,16.0,29899,1.6e+16,38868700.0,1.0,1.3,0.000869328224256,2.414800622933333e-07,33789.65795013919,0.009386016097260886,2.42929375e-09,8589934592,,unresolved,projection; HPCG score and TOP500 power are not paired workload measurements,solver core only; setup/input/output/facility coverage unresolved,,,False
fugaku,16.0,29899,3.2e+16,20929300.0,2.0,0.7,0.000434664112128,1.2074003114666665e-07,9097.21560196055,0.0025270043338779307,6.54040625e-10,8589934592,,unresolved,projection; HPCG score and TOP500 power are not paired workload measurements,solver core only; setup/input/output/facility coverage unresolved,,,False
fugaku,16.0,29899,3.2e+16,29899000.0,2.0,1.0,0.000434664112128,1.2074003114666665e-07,12996.022288515072,0.0036100061912541868,9.3434375e-10,8589934592,,unresolved,projection; HPCG score and TOP500 power are not paired workload measurements,solver core only; setup/input/output/facility coverage unresolved,,,False
fugaku,16.0,29899,3.2e+16,38868700.0,2.0,1.3,0.000434664112128,1.2074003114666665e-07,16894.828975069595,0.004693008048630443,1.214646875e-09,8589934592,,unresolved,projection; HPCG score and TOP500 power are not paired workload measurements,solver core only; setup/input/output/facility coverage unresolved,,,False
frontier,14.05,24607,3512500000000000.0,17224900.0,0.25,0.7,0.003959929277749751,1.0999803549304864e-06,68209.3858163117,0.018947051615642137,4.903886120996441e-09,8589934592,,unresolved,projection; HPCG score and TOP500 power are not paired workload measurements,solver core only; setup/input/output/facility coverage unresolved,,,False
frontier,14.05,24607,3512500000000000.0,24607000.0,0.25,1.0,0.003959929277749751,1.0999803549304864e-06,97441.97973758813,0.027067216593774483,7.005551601423488e-09,8589934592,,unresolved,projection; HPCG score and TOP500 power are not paired workload measurements,solver core only; setup/input/output/facility coverage unresolved,,,False
frontier,14.05,24607,3512500000000000.0,31989100.0,0.25,1.3,0.003959929277749751,1.0999803549304864e-06,126674.57365886457,0.035187381571906824,9.107217081850534e-09,8589934592,,unresolved,projection; HPCG score and TOP500 power are not paired workload measurements,solver core only; setup/input/output/facility coverage unresolved,,,False
frontier,14.05,24607,7025000000000000.0,17224900.0,0.5,0.7,0.0019799646388748756,5.499901774652432e-07,34104.69290815585,0.009473525807821069,2.4519430604982205e-09,8589934592,,unresolved,projection; HPCG score and TOP500 power are not paired workload measurements,solver core only; setup/input/output/facility coverage unresolved,,,False
frontier,14.05,24607,7025000000000000.0,24607000.0,0.5,1.0,0.0019799646388748756,5.499901774652432e-07,48720.989868794066,0.013533608296887241,3.502775800711744e-09,8589934592,,unresolved,projection; HPCG score and TOP500 power are not paired workload measurements,solver core only; setup/input/output/facility coverage unresolved,,,False
frontier,14.05,24607,7025000000000000.0,31989100.0,0.5,1.3,0.0019799646388748756,5.499901774652432e-07,63337.28682943228,0.017593690785953412,4.553608540925267e-09,8589934592,,unresolved,projection; HPCG score and TOP500 power are not paired workload measurements,solver core only; setup/input/output/facility coverage unresolved,,,False
frontier,14.05,24607,1.405e+16,17224900.0,1.0,0.7,0.0009899823194374378,2.749950887326216e-07,17052.346454077924,0.004736762903910534,1.2259715302491102e-09,8589934592,,unresolved,projection; HPCG score and TOP500 power are not paired workload measurements,solver core only; setup/input/output/facility coverage unresolved,,,False
frontier,14.05,24607,1.405e+16,24607000.0,1.0,1.0,0.0009899823194374378,2.749950887326216e-07,24360.494934397033,0.006766804148443621,1.751387900355872e-09,8589934592,,unresolved,projection; HPCG score and TOP500 power are not paired workload measurements,solver core only; setup/input/output/facility coverage unresolved,,,False
frontier,14.05,24607,1.405e+16,31989100.0,1.0,1.3,0.0009899823194374378,2.749950887326216e-07,31668.64341471614,0.008796845392976706,2.2768042704626335e-09,8589934592,,unresolved,projection; HPCG score and TOP500 power are not paired workload measurements,solver core only; setup/input/output/facility coverage unresolved,,,False
frontier,14.05,24607,2.81e+16,17224900.0,2.0,0.7,0.0004949911597187189,1.374975443663108e-07,8526.173227038962,0.002368381451955267,6.129857651245551e-10,8589934592,,unresolved,projection; HPCG score and TOP500 power are not paired workload measurements,solver core only; setup/input/output/facility coverage unresolved,,,False
frontier,14.05,24607,2.81e+16,24607000.0,2.0,1.0,0.0004949911597187189,1.374975443663108e-07,12180.247467198516,0.0033834020742218103,8.75693950177936e-10,8589934592,,unresolved,projection; HPCG score and TOP500 power are not paired workload measurements,solver core only; setup/input/output/facility coverage unresolved,,,False
frontier,14.05,24607,2.81e+16,31989100.0,2.0,1.3,0.0004949911597187189,1.374975443663108e-07,15834.32170735807,0.004398422696488353,1.1384021352313167e-09,8589934592,,unresolved,projection; HPCG score and TOP500 power are not paired workload measurements,solver core only; setup/input/output/facility coverage unresolved,,,False
aurora,5.613,38698,1403250000000000.0,27088600.0,0.25,0.7,0.009912169312735435,2.753380364648732e-06,268506.7896449651,0.07458521934582364,1.930418670942455e-08,8589934592,,unresolved,projection; HPCG score and TOP500 power are not paired workload measurements,solver core only; setup/input/output/facility coverage unresolved,,,False
aurora,5.613,38698,1403250000000000.0,38698000.0,0.25,1.0,0.009912169312735435,2.753380364648732e-06,383581.12806423585,0.10655031335117662,2.7577409584892215e-08,8589934592,,unresolved,projection; HPCG score and TOP500 power are not paired workload measurements,solver core only; setup/input/output/facility coverage unresolved,,,False
aurora,5.613,38698,1403250000000000.0,50307400.0,0.25,1.3,0.009912169312735435,2.753380364648732e-06,498655.4664835066,0.13851540735652962,3.585063246035988e-08,8589934592,,unresolved,projection; HPCG score and TOP500 power are not paired workload measurements,solver core only; setup/input/output/facility coverage unresolved,,,False
aurora,5.613,38698,2806500000000000.0,27088600.0,0.5,0.7,0.0049560846563677175,1.376690182324366e-06,134253.39482248254,0.03729260967291182,9.652093354712274e-09,8589934592,,unresolved,projection; HPCG score and TOP500 power are not paired workload measurements,solver core only; setup/input/output/facility coverage unresolved,,,False
aurora,5.613,38698,2806500000000000.0,38698000.0,0.5,1.0,0.0049560846563677175,1.376690182324366e-06,191790.56403211792,0.05327515667558831,1.3788704792446108e-08,8589934592,,unresolved,projection; HPCG score and TOP500 power are not paired workload measurements,solver core only; setup/input/output/facility coverage unresolved,,,False
aurora,5.613,38698,2806500000000000.0,50307400.0,0.5,1.3,0.0049560846563677175,1.376690182324366e-06,249327.7332417533,0.06925770367826481,1.792531623017994e-08,8589934592,,unresolved,projection; HPCG score and TOP500 power are not paired workload measurements,solver core only; setup/input/output/facility coverage unresolved,,,False
aurora,5.613,38698,5613000000000000.0,27088600.0,1.0,0.7,0.0024780423281838587,6.88345091162183e-07,67126.69741124127,0.01864630483645591,4.826046677356137e-09,8589934592,,unresolved,projection; HPCG score and TOP500 power are not paired workload measurements,solver core only; setup/input/output/facility coverage unresolved,,,False
aurora,5.613,38698,5613000000000000.0,38698000.0,1.0,1.0,0.0024780423281838587,6.88345091162183e-07,95895.28201605896,0.026637578337794156,6.894352396223054e-09,8589934592,,unresolved,projection; HPCG score and TOP500 power are not paired workload measurements,solver core only; setup/input/output/facility coverage unresolved,,,False
aurora,5.613,38698,5613000000000000.0,50307400.0,1.0,1.3,0.0024780423281838587,6.88345091162183e-07,124663.86662087665,0.034628851839132405,8.96265811508997e-09,8589934592,,unresolved,projection; HPCG score and TOP500 power are not paired workload measurements,solver core only; setup/input/output/facility coverage unresolved,,,False
aurora,5.613,38698,1.1226e+16,27088600.0,2.0,0.7,0.0012390211640919294,3.441725455810915e-07,33563.348705620636,0.009323152418227955,2.4130233386780686e-09,8589934592,,unresolved,projection; HPCG score and TOP500 power are not paired workload measurements,solver core only; setup/input/output/facility coverage unresolved,,,False
aurora,5.613,38698,1.1226e+16,38698000.0,2.0,1.0,0.0012390211640919294,3.441725455810915e-07,47947.64100802948,0.013318789168897078,3.447176198111527e-09,8589934592,,unresolved,projection; HPCG score and TOP500 power are not paired workload measurements,solver core only; setup/input/output/facility coverage unresolved,,,False
aurora,5.613,38698,1.1226e+16,50307400.0,2.0,1.3,0.0012390211640919294,3.441725455810915e-07,62331.933310438326,0.017314425919566202,4.481329057544985e-09,8589934592,,unresolved,projection; HPCG score and TOP500 power are not paired workload measurements,solver core only; setup/input/output/facility coverage unresolved,,,False
