case,pattern,N,degree,seed,pair,commutator_norm
1,fixed_band,8,2,20260908,0,0.4129776027348018
2,fixed_band,8,2,20260909,0,0.4426370309856293
3,fixed_band,8,2,20260910,0,0.4653789306377107
4,fixed_band,8,2,20260911,0,0.42539937814609824
5,fixed_band,8,2,20260912,0,0.4426268591133568
6,fixed_band,8,2,20260913,0,0.4250731191683253
7,fixed_band,8,2,20260914,0,0.35452956128494045
8,fixed_band,8,2,20260915,0,0.34365039896681354
9,fixed_band,8,2,20260916,0,0.40420155824348647
10,fixed_band,8,2,20260917,0,0.40094691247527653
11,fixed_band,8,2,20260918,0,0.46116416515385406
12,fixed_band,8,2,20260919,0,0.45294607731135395
13,fixed_band,8,2,20260920,0,0.43076044007793557
14,fixed_band,8,2,20260921,0,0.4101767346362287
15,fixed_band,8,2,20260922,0,0.423167130267788
16,fixed_band,8,2,20260923,0,0.4832699505141612
17,fixed_band,8,2,20260924,0,0.4601537784947289
18,fixed_band,8,2,20260925,0,0.4875451542475185
19,fixed_band,8,2,20260926,0,0.48489284731126564
20,fixed_band,8,2,20260927,0,0.40015240318598005
21,fixed_band,8,2,20260928,0,0.4435307625800989
22,fixed_band,8,2,20260929,0,0.4332124471953004
23,fixed_band,8,2,20260930,0,0.4875279524126275
24,fixed_band,8,2,20260931,0,0.4792247565588869
25,fixed_band,8,4,20260932,0,0.20329930775490707
25,fixed_band,8,4,20260932,1,0.0
25,fixed_band,8,4,20260932,2,0.18182910619219403
25,fixed_band,8,4,20260932,3,0.18020537028311193
25,fixed_band,8,4,20260932,4,0.0
25,fixed_band,8,4,20260932,5,0.14374314432585453
26,fixed_band,8,4,20260933,0,0.13605700444080207
26,fixed_band,8,4,20260933,1,0.0
26,fixed_band,8,4,20260933,2,0.16688030793419445
26,fixed_band,8,4,20260933,3,0.1346944821552015
26,fixed_band,8,4,20260933,4,0.0
26,fixed_band,8,4,20260933,5,0.15578812388034144
27,fixed_band,8,4,20260934,0,0.18162910355803685
27,fixed_band,8,4,20260934,1,0.0
27,fixed_band,8,4,20260934,2,0.16072791352354576
27,fixed_band,8,4,20260934,3,0.17451416909362075
27,fixed_band,8,4,20260934,4,0.0
27,fixed_band,8,4,20260934,5,0.19567079208134022
28,fixed_band,8,4,20260935,0,0.21494970068586805
28,fixed_band,8,4,20260935,1,0.0
28,fixed_band,8,4,20260935,2,0.3173553655267878
28,fixed_band,8,4,20260935,3,0.10499608652501732
28,fixed_band,8,4,20260935,4,0.0
28,fixed_band,8,4,20260935,5,0.12666038736437427
29,fixed_band,8,4,20260936,0,0.15807252441080719
29,fixed_band,8,4,20260936,1,0.0
29,fixed_band,8,4,20260936,2,0.10007423628220691
29,fixed_band,8,4,20260936,3,0.17271696764375905
29,fixed_band,8,4,20260936,4,0.0
29,fixed_band,8,4,20260936,5,0.14960418760040553
30,fixed_band,8,4,20260937,0,0.21858706328506333
30,fixed_band,8,4,20260937,1,0.0
30,fixed_band,8,4,20260937,2,0.1942043913214314
30,fixed_band,8,4,20260937,3,0.2146716351108996
30,fixed_band,8,4,20260937,4,0.0
30,fixed_band,8,4,20260937,5,0.20191195342268325
31,fixed_band,8,4,20260938,0,0.07746835614190221
31,fixed_band,8,4,20260938,1,0.0
31,fixed_band,8,4,20260938,2,0.05341001868948424
31,fixed_band,8,4,20260938,3,0.1694883767444774
31,fixed_band,8,4,20260938,4,0.0
31,fixed_band,8,4,20260938,5,0.12452066406886546
32,fixed_band,8,4,20260939,0,0.34437461957837334
32,fixed_band,8,4,20260939,1,0.0
32,fixed_band,8,4,20260939,2,0.2227692716539946
32,fixed_band,8,4,20260939,3,0.3828722483171263
32,fixed_band,8,4,20260939,4,0.0
32,fixed_band,8,4,20260939,5,0.2510102402539553
33,fixed_band,8,4,20260940,0,0.1577875488637276
33,fixed_band,8,4,20260940,1,0.0
33,fixed_band,8,4,20260940,2,0.11682991093152577
33,fixed_band,8,4,20260940,3,0.16007959005443434
33,fixed_band,8,4,20260940,4,0.0
33,fixed_band,8,4,20260940,5,0.09387577582452893
34,fixed_band,8,4,20260941,0,0.25658304773265395
34,fixed_band,8,4,20260941,1,0.0
34,fixed_band,8,4,20260941,2,0.20415729171100597
34,fixed_band,8,4,20260941,3,0.37834411731106143
34,fixed_band,8,4,20260941,4,0.0
34,fixed_band,8,4,20260941,5,0.16881741042622414
35,fixed_band,8,4,20260942,0,0.17518989196127716
35,fixed_band,8,4,20260942,1,0.0
35,fixed_band,8,4,20260942,2,0.2687374056279951
35,fixed_band,8,4,20260942,3,0.1869502856323881
35,fixed_band,8,4,20260942,4,0.0
35,fixed_band,8,4,20260942,5,0.2771964221184103
36,fixed_band,8,4,20260943,0,0.1520268232079501
36,fixed_band,8,4,20260943,1,0.0
36,fixed_band,8,4,20260943,2,0.2270534654547958
36,fixed_band,8,4,20260943,3,0.18716839352647086
36,fixed_band,8,4,20260943,4,0.0
36,fixed_band,8,4,20260943,5,0.20758432140488134
37,fixed_band,8,4,20260944,0,0.18005751414922516
37,fixed_band,8,4,20260944,1,0.0
37,fixed_band,8,4,20260944,2,0.2637488952495686
37,fixed_band,8,4,20260944,3,0.1174340693062922
37,fixed_band,8,4,20260944,4,0.0
37,fixed_band,8,4,20260944,5,0.13613345153907677
38,fixed_band,8,4,20260945,0,0.14461455547749172
38,fixed_band,8,4,20260945,1,0.0
38,fixed_band,8,4,20260945,2,0.3630752064380934
38,fixed_band,8,4,20260945,3,0.06942325054594213
38,fixed_band,8,4,20260945,4,0.0
38,fixed_band,8,4,20260945,5,0.1313653938586202
39,fixed_band,8,4,20260946,0,0.11582796649527245
39,fixed_band,8,4,20260946,1,0.0
39,fixed_band,8,4,20260946,2,0.22808172313839542
39,fixed_band,8,4,20260946,3,0.2224933593818093
39,fixed_band,8,4,20260946,4,0.0
39,fixed_band,8,4,20260946,5,0.23261204699843943
40,fixed_band,8,4,20260947,0,0.23125850086029415
40,fixed_band,8,4,20260947,1,0.0
40,fixed_band,8,4,20260947,2,0.09090962781976587
40,fixed_band,8,4,20260947,3,0.1311884941480098
40,fixed_band,8,4,20260947,4,0.0
40,fixed_band,8,4,20260947,5,0.09801675270677006
41,fixed_band,8,4,20260948,0,0.25797174688170665
41,fixed_band,8,4,20260948,1,0.0
41,fixed_band,8,4,20260948,2,0.21923364225941908
41,fixed_band,8,4,20260948,3,0.2663071226557965
41,fixed_band,8,4,20260948,4,0.0
41,fixed_band,8,4,20260948,5,0.2154438498312929
42,fixed_band,8,4,20260949,0,0.20285253090822913
42,fixed_band,8,4,20260949,1,0.0
42,fixed_band,8,4,20260949,2,0.056688090083144536
42,fixed_band,8,4,20260949,3,0.2173151067973303
42,fixed_band,8,4,20260949,4,0.0
42,fixed_band,8,4,20260949,5,0.05623940432471796
43,fixed_band,8,4,20260950,0,0.20058751285946286
43,fixed_band,8,4,20260950,1,0.0
43,fixed_band,8,4,20260950,2,0.22288699608269322
43,fixed_band,8,4,20260950,3,0.183001863047523
43,fixed_band,8,4,20260950,4,0.0
43,fixed_band,8,4,20260950,5,0.09996178706256519
44,fixed_band,8,4,20260951,0,0.2689584748919435
44,fixed_band,8,4,20260951,1,0.0
44,fixed_band,8,4,20260951,2,0.21488061382956494
44,fixed_band,8,4,20260951,3,0.16088195849511505
44,fixed_band,8,4,20260951,4,0.0
44,fixed_band,8,4,20260951,5,0.1319409343575083
45,fixed_band,8,4,20260952,0,0.2582880278664671
45,fixed_band,8,4,20260952,1,0.0
45,fixed_band,8,4,20260952,2,0.3524346265923496
45,fixed_band,8,4,20260952,3,0.0861951240755709
45,fixed_band,8,4,20260952,4,0.0
45,fixed_band,8,4,20260952,5,0.15148280059414915
46,fixed_band,8,4,20260953,0,0.16117301099876483
46,fixed_band,8,4,20260953,1,0.0
46,fixed_band,8,4,20260953,2,0.26162638201266614
46,fixed_band,8,4,20260953,3,0.03952277302417468
46,fixed_band,8,4,20260953,4,0.0
46,fixed_band,8,4,20260953,5,0.09384038791034369
47,fixed_band,8,4,20260954,0,0.07504815013987112
47,fixed_band,8,4,20260954,1,0.0
47,fixed_band,8,4,20260954,2,0.09420754894127027
47,fixed_band,8,4,20260954,3,0.17305370443746715
47,fixed_band,8,4,20260954,4,0.0
47,fixed_band,8,4,20260954,5,0.20417315120483848
48,fixed_band,8,4,20260955,0,0.4302256876581953
48,fixed_band,8,4,20260955,1,0.0
48,fixed_band,8,4,20260955,2,0.5359085573169406
48,fixed_band,8,4,20260955,3,0.45522609998686003
48,fixed_band,8,4,20260955,4,0.0
48,fixed_band,8,4,20260955,5,0.627872151833392
49,fixed_band,16,2,20260956,0,0.4713384893482033
50,fixed_band,16,2,20260957,0,0.47583451401210924
51,fixed_band,16,2,20260958,0,0.4785481517929305
52,fixed_band,16,2,20260959,0,0.42010465466751434
53,fixed_band,16,2,20260960,0,0.4350685528519853
54,fixed_band,16,2,20260961,0,0.4434030629290254
55,fixed_band,16,2,20260962,0,0.47980071808468683
56,fixed_band,16,2,20260963,0,0.49378277783558816
57,fixed_band,16,2,20260964,0,0.4583686787017892
58,fixed_band,16,2,20260965,0,0.4386767266858999
59,fixed_band,16,2,20260966,0,0.4551010602757289
60,fixed_band,16,2,20260967,0,0.47342803922609744
61,fixed_band,16,2,20260968,0,0.46170389527188355
62,fixed_band,16,2,20260969,0,0.49311693546324836
63,fixed_band,16,2,20260970,0,0.4140596991173993
64,fixed_band,16,2,20260971,0,0.48234583684802373
65,fixed_band,16,2,20260972,0,0.47689975914615845
66,fixed_band,16,2,20260973,0,0.45913314469714284
67,fixed_band,16,2,20260974,0,0.4215024726318385
68,fixed_band,16,2,20260975,0,0.4657836243487477
69,fixed_band,16,2,20260976,0,0.4441987350853799
70,fixed_band,16,2,20260977,0,0.4799653737294088
71,fixed_band,16,2,20260978,0,0.4853931833097016
72,fixed_band,16,2,20260979,0,0.46710512748159005
73,fixed_band,16,4,20260980,0,0.15902871773540656
73,fixed_band,16,4,20260980,1,0.0
73,fixed_band,16,4,20260980,2,0.16646195077389803
73,fixed_band,16,4,20260980,3,0.16793077152600722
73,fixed_band,16,4,20260980,4,0.0
73,fixed_band,16,4,20260980,5,0.15876443083310937
74,fixed_band,16,4,20260981,0,0.23906169306640168
74,fixed_band,16,4,20260981,1,0.0
74,fixed_band,16,4,20260981,2,0.3071119994402725
74,fixed_band,16,4,20260981,3,0.2260253378486883
74,fixed_band,16,4,20260981,4,0.0
74,fixed_band,16,4,20260981,5,0.21979819183013433
75,fixed_band,16,4,20260982,0,0.2564289799316443
75,fixed_band,16,4,20260982,1,0.0
75,fixed_band,16,4,20260982,2,0.2808294763719997
75,fixed_band,16,4,20260982,3,0.21017911234197467
75,fixed_band,16,4,20260982,4,0.0
75,fixed_band,16,4,20260982,5,0.2055222607818694
76,fixed_band,16,4,20260983,0,0.15081519875232155
76,fixed_band,16,4,20260983,1,0.0
76,fixed_band,16,4,20260983,2,0.17982582043291312
76,fixed_band,16,4,20260983,3,0.16931753307198566
76,fixed_band,16,4,20260983,4,0.0
76,fixed_band,16,4,20260983,5,0.1583131660545677
77,fixed_band,16,4,20260984,0,0.1404573171555074
77,fixed_band,16,4,20260984,1,0.0
77,fixed_band,16,4,20260984,2,0.14958761950076704
77,fixed_band,16,4,20260984,3,0.16272145172812
77,fixed_band,16,4,20260984,4,0.0
77,fixed_band,16,4,20260984,5,0.14826403175582148
78,fixed_band,16,4,20260985,0,0.12318464911495149
78,fixed_band,16,4,20260985,1,0.0
78,fixed_band,16,4,20260985,2,0.11305168482025912
78,fixed_band,16,4,20260985,3,0.14203285574085026
78,fixed_band,16,4,20260985,4,0.0
78,fixed_band,16,4,20260985,5,0.13022931622214343
79,fixed_band,16,4,20260986,0,0.4018126833302912
79,fixed_band,16,4,20260986,1,0.0
79,fixed_band,16,4,20260986,2,0.3649800920865284
79,fixed_band,16,4,20260986,3,0.34788259620367096
79,fixed_band,16,4,20260986,4,0.0
79,fixed_band,16,4,20260986,5,0.33402822751690564
80,fixed_band,16,4,20260987,0,0.1893178748969562
80,fixed_band,16,4,20260987,1,0.0
80,fixed_band,16,4,20260987,2,0.1374766576018245
80,fixed_band,16,4,20260987,3,0.21424992244875865
80,fixed_band,16,4,20260987,4,0.0
80,fixed_band,16,4,20260987,5,0.2055016143936091
81,fixed_band,16,4,20260988,0,0.1678674382196731
81,fixed_band,16,4,20260988,1,0.0
81,fixed_band,16,4,20260988,2,0.172953420989748
81,fixed_band,16,4,20260988,3,0.10886954316655646
81,fixed_band,16,4,20260988,4,0.0
81,fixed_band,16,4,20260988,5,0.18385920302747674
82,fixed_band,16,4,20260989,0,0.12358261042622849
82,fixed_band,16,4,20260989,1,0.0
82,fixed_band,16,4,20260989,2,0.17614278504236758
82,fixed_band,16,4,20260989,3,0.14377254321105198
82,fixed_band,16,4,20260989,4,0.0
82,fixed_band,16,4,20260989,5,0.15007734380611037
83,fixed_band,16,4,20260990,0,0.17195012559186815
83,fixed_band,16,4,20260990,1,0.0
83,fixed_band,16,4,20260990,2,0.3543484156333558
83,fixed_band,16,4,20260990,3,0.22879474267423877
83,fixed_band,16,4,20260990,4,0.0
83,fixed_band,16,4,20260990,5,0.3759557125417422
84,fixed_band,16,4,20260991,0,0.18323948022188716
84,fixed_band,16,4,20260991,1,0.0
84,fixed_band,16,4,20260991,2,0.19887097644679436
84,fixed_band,16,4,20260991,3,0.18897897193447177
84,fixed_band,16,4,20260991,4,0.0
84,fixed_band,16,4,20260991,5,0.1204011391525545
85,fixed_band,16,4,20260992,0,0.11609628800150866
85,fixed_band,16,4,20260992,1,0.0
85,fixed_band,16,4,20260992,2,0.12473492286163397
85,fixed_band,16,4,20260992,3,0.18056033954312406
85,fixed_band,16,4,20260992,4,0.0
85,fixed_band,16,4,20260992,5,0.19218714296340295
86,fixed_band,16,4,20260993,0,0.09105704012024826
86,fixed_band,16,4,20260993,1,0.0
86,fixed_band,16,4,20260993,2,0.13787228337455096
86,fixed_band,16,4,20260993,3,0.12855763813671028
86,fixed_band,16,4,20260993,4,0.0
86,fixed_band,16,4,20260993,5,0.13517883329867272
87,fixed_band,16,4,20260994,0,0.1640270114941039
87,fixed_band,16,4,20260994,1,0.0
87,fixed_band,16,4,20260994,2,0.15029178585117228
87,fixed_band,16,4,20260994,3,0.1439116319673241
87,fixed_band,16,4,20260994,4,0.0
87,fixed_band,16,4,20260994,5,0.12968851919134486
88,fixed_band,16,4,20260995,0,0.4470429674684243
88,fixed_band,16,4,20260995,1,0.0
88,fixed_band,16,4,20260995,2,0.3055822122824539
88,fixed_band,16,4,20260995,3,0.25952197871113986
88,fixed_band,16,4,20260995,4,0.0
88,fixed_band,16,4,20260995,5,0.22452642573742734
89,fixed_band,16,4,20260996,0,0.1983685710925879
89,fixed_band,16,4,20260996,1,0.0
89,fixed_band,16,4,20260996,2,0.1938343491832595
89,fixed_band,16,4,20260996,3,0.18883714237705942
89,fixed_band,16,4,20260996,4,0.0
89,fixed_band,16,4,20260996,5,0.1415621716205487
90,fixed_band,16,4,20260997,0,0.15854067788364082
90,fixed_band,16,4,20260997,1,0.0
90,fixed_band,16,4,20260997,2,0.12728018227611188
90,fixed_band,16,4,20260997,3,0.18496690827251883
90,fixed_band,16,4,20260997,4,0.0
90,fixed_band,16,4,20260997,5,0.1622135946526777
91,fixed_band,16,4,20260998,0,0.5605006317575019
91,fixed_band,16,4,20260998,1,0.0
91,fixed_band,16,4,20260998,2,0.5357563001142212
91,fixed_band,16,4,20260998,3,0.33420252854957777
91,fixed_band,16,4,20260998,4,0.0
91,fixed_band,16,4,20260998,5,0.39522808906339624
92,fixed_band,16,4,20260999,0,0.2318753972249884
92,fixed_band,16,4,20260999,1,0.0
92,fixed_band,16,4,20260999,2,0.17844211408506477
92,fixed_band,16,4,20260999,3,0.2529670701268671
92,fixed_band,16,4,20260999,4,0.0
92,fixed_band,16,4,20260999,5,0.15256097019533102
93,fixed_band,16,4,20261000,0,0.3154994523580832
93,fixed_band,16,4,20261000,1,0.0
93,fixed_band,16,4,20261000,2,0.47639260043924386
93,fixed_band,16,4,20261000,3,0.39324935541153266
93,fixed_band,16,4,20261000,4,0.0
93,fixed_band,16,4,20261000,5,0.5609503938594677
94,fixed_band,16,4,20261001,0,0.18603787329400834
94,fixed_band,16,4,20261001,1,0.0
94,fixed_band,16,4,20261001,2,0.21980309897845404
94,fixed_band,16,4,20261001,3,0.15382678595357724
94,fixed_band,16,4,20261001,4,0.0
94,fixed_band,16,4,20261001,5,0.19592923286324487
95,fixed_band,16,4,20261002,0,0.23813719804974923
95,fixed_band,16,4,20261002,1,0.0
95,fixed_band,16,4,20261002,2,0.2021568664473726
95,fixed_band,16,4,20261002,3,0.26697519345700144
95,fixed_band,16,4,20261002,4,0.0
95,fixed_band,16,4,20261002,5,0.16607228782696223
96,fixed_band,16,4,20261003,0,0.40366705822150795
96,fixed_band,16,4,20261003,1,0.0
96,fixed_band,16,4,20261003,2,0.3160948824306962
96,fixed_band,16,4,20261003,3,0.42625813211527847
96,fixed_band,16,4,20261003,4,0.0
96,fixed_band,16,4,20261003,5,0.3662515871977175
97,fixed_band,32,2,20261004,0,0.45886866543916693
98,fixed_band,32,2,20261005,0,0.4352210662280065
99,fixed_band,32,2,20261006,0,0.4653103189720944
100,fixed_band,32,2,20261007,0,0.4501516233885138
101,fixed_band,32,2,20261008,0,0.4386435522462552
102,fixed_band,32,2,20261009,0,0.46865498534144534
103,fixed_band,32,2,20261010,0,0.4681947756913466
104,fixed_band,32,2,20261011,0,0.4153191349597135
105,fixed_band,32,2,20261012,0,0.41964596684065364
106,fixed_band,32,2,20261013,0,0.4250948868372017
107,fixed_band,32,2,20261014,0,0.43640513960227384
108,fixed_band,32,2,20261015,0,0.4465231240476694
109,fixed_band,32,2,20261016,0,0.4667778668563677
110,fixed_band,32,2,20261017,0,0.45079822534864794
111,fixed_band,32,2,20261018,0,0.4253001207673403
112,fixed_band,32,2,20261019,0,0.4320673519110144
113,fixed_band,32,2,20261020,0,0.45108073463993725
114,fixed_band,32,2,20261021,0,0.45755450583747154
115,fixed_band,32,2,20261022,0,0.4613733813599328
116,fixed_band,32,2,20261023,0,0.43154220848517655
117,fixed_band,32,2,20261024,0,0.44791204121767125
118,fixed_band,32,2,20261025,0,0.44346288903438136
119,fixed_band,32,2,20261026,0,0.47638358357659844
120,fixed_band,32,2,20261027,0,0.4473902907746333
121,fixed_band,32,4,20261028,0,0.19420637196633678
121,fixed_band,32,4,20261028,1,0.0
121,fixed_band,32,4,20261028,2,0.20564741097981803
121,fixed_band,32,4,20261028,3,0.18875694872373694
121,fixed_band,32,4,20261028,4,0.0
121,fixed_band,32,4,20261028,5,0.16609917653375858
122,fixed_band,32,4,20261029,0,0.22109154650497048
122,fixed_band,32,4,20261029,1,0.0
122,fixed_band,32,4,20261029,2,0.13997402283875718
122,fixed_band,32,4,20261029,3,0.1859299374580285
122,fixed_band,32,4,20261029,4,0.0
122,fixed_band,32,4,20261029,5,0.15634037993245267
123,fixed_band,32,4,20261030,0,0.2116536550572678
123,fixed_band,32,4,20261030,1,0.0
123,fixed_band,32,4,20261030,2,0.1724990944727559
123,fixed_band,32,4,20261030,3,0.2206046325044863
123,fixed_band,32,4,20261030,4,0.0
123,fixed_band,32,4,20261030,5,0.1704510383053139
124,fixed_band,32,4,20261031,0,0.2248235427636088
124,fixed_band,32,4,20261031,1,0.0
124,fixed_band,32,4,20261031,2,0.3060456447887921
124,fixed_band,32,4,20261031,3,0.25622903226825605
124,fixed_band,32,4,20261031,4,0.0
124,fixed_band,32,4,20261031,5,0.2043525971919054
125,fixed_band,32,4,20261032,0,0.18599546030800007
125,fixed_band,32,4,20261032,1,0.0
125,fixed_band,32,4,20261032,2,0.18368805762233137
125,fixed_band,32,4,20261032,3,0.2412863816373991
125,fixed_band,32,4,20261032,4,0.0
125,fixed_band,32,4,20261032,5,0.2407937760908052
126,fixed_band,32,4,20261033,0,0.18969126675813996
126,fixed_band,32,4,20261033,1,0.0
126,fixed_band,32,4,20261033,2,0.1191739546765357
126,fixed_band,32,4,20261033,3,0.15569364340157615
126,fixed_band,32,4,20261033,4,0.0
126,fixed_band,32,4,20261033,5,0.16071268366589414
127,fixed_band,32,4,20261034,0,0.18715840661100655
127,fixed_band,32,4,20261034,1,0.0
127,fixed_band,32,4,20261034,2,0.24159322859623666
127,fixed_band,32,4,20261034,3,0.17287014187172664
127,fixed_band,32,4,20261034,4,0.0
127,fixed_band,32,4,20261034,5,0.23977847236515212
128,fixed_band,32,4,20261035,0,0.17032419966627962
128,fixed_band,32,4,20261035,1,0.0
128,fixed_band,32,4,20261035,2,0.14427993135185993
128,fixed_band,32,4,20261035,3,0.20336303286524035
128,fixed_band,32,4,20261035,4,0.0
128,fixed_band,32,4,20261035,5,0.18213500042445946
129,fixed_band,32,4,20261036,0,0.1518394636240215
129,fixed_band,32,4,20261036,1,0.0
129,fixed_band,32,4,20261036,2,0.14103105469777147
129,fixed_band,32,4,20261036,3,0.13179552348161547
129,fixed_band,32,4,20261036,4,0.0
129,fixed_band,32,4,20261036,5,0.18277045876540648
130,fixed_band,32,4,20261037,0,0.17517468848719298
130,fixed_band,32,4,20261037,1,0.0
130,fixed_band,32,4,20261037,2,0.2421957331205137
130,fixed_band,32,4,20261037,3,0.2764777767988552
130,fixed_band,32,4,20261037,4,0.0
130,fixed_band,32,4,20261037,5,0.15726835046199855
131,fixed_band,32,4,20261038,0,0.21141269085735784
131,fixed_band,32,4,20261038,1,0.0
131,fixed_band,32,4,20261038,2,0.20016877252269588
131,fixed_band,32,4,20261038,3,0.2155304302829942
131,fixed_band,32,4,20261038,4,0.0
131,fixed_band,32,4,20261038,5,0.17635609147817
132,fixed_band,32,4,20261039,0,0.15035527796855627
132,fixed_band,32,4,20261039,1,0.0
132,fixed_band,32,4,20261039,2,0.1440355063014255
132,fixed_band,32,4,20261039,3,0.20578863907229622
132,fixed_band,32,4,20261039,4,0.0
132,fixed_band,32,4,20261039,5,0.16997633751904664
133,fixed_band,32,4,20261040,0,0.20324980774551835
133,fixed_band,32,4,20261040,1,0.0
133,fixed_band,32,4,20261040,2,0.20798959430571778
133,fixed_band,32,4,20261040,3,0.12897629062506735
133,fixed_band,32,4,20261040,4,0.0
133,fixed_band,32,4,20261040,5,0.1243942744716929
134,fixed_band,32,4,20261041,0,0.1119651003920518
134,fixed_band,32,4,20261041,1,0.0
134,fixed_band,32,4,20261041,2,0.20678844797018886
134,fixed_band,32,4,20261041,3,0.13391304116932073
134,fixed_band,32,4,20261041,4,0.0
134,fixed_band,32,4,20261041,5,0.17473859268135478
135,fixed_band,32,4,20261042,0,0.21107472540339497
135,fixed_band,32,4,20261042,1,0.0
135,fixed_band,32,4,20261042,2,0.1867621192464807
135,fixed_band,32,4,20261042,3,0.14873184266388687
135,fixed_band,32,4,20261042,4,0.0
135,fixed_band,32,4,20261042,5,0.11887105964783472
136,fixed_band,32,4,20261043,0,0.1767012465380069
136,fixed_band,32,4,20261043,1,0.0
136,fixed_band,32,4,20261043,2,0.15442887502596836
136,fixed_band,32,4,20261043,3,0.2339242726152844
136,fixed_band,32,4,20261043,4,0.0
136,fixed_band,32,4,20261043,5,0.21149183155491372
137,fixed_band,32,4,20261044,0,0.2003069184928745
137,fixed_band,32,4,20261044,1,0.0
137,fixed_band,32,4,20261044,2,0.2816876308143273
137,fixed_band,32,4,20261044,3,0.3068485517857985
137,fixed_band,32,4,20261044,4,0.0
137,fixed_band,32,4,20261044,5,0.1956183653776619
138,fixed_band,32,4,20261045,0,0.30819584208759787
138,fixed_band,32,4,20261045,1,0.0
138,fixed_band,32,4,20261045,2,0.23031638641090307
138,fixed_band,32,4,20261045,3,0.21747058234384448
138,fixed_band,32,4,20261045,4,0.0
138,fixed_band,32,4,20261045,5,0.24729468417128128
139,fixed_band,32,4,20261046,0,0.15281992226046195
139,fixed_band,32,4,20261046,1,0.0
139,fixed_band,32,4,20261046,2,0.20587079654536028
139,fixed_band,32,4,20261046,3,0.1604853438698097
139,fixed_band,32,4,20261046,4,0.0
139,fixed_band,32,4,20261046,5,0.20820355441157107
140,fixed_band,32,4,20261047,0,0.27116776528831243
140,fixed_band,32,4,20261047,1,0.0
140,fixed_band,32,4,20261047,2,0.264478696907123
140,fixed_band,32,4,20261047,3,0.20365538402856925
140,fixed_band,32,4,20261047,4,0.0
140,fixed_band,32,4,20261047,5,0.22327501047528917
141,fixed_band,32,4,20261048,0,0.24488502209573434
141,fixed_band,32,4,20261048,1,0.0
141,fixed_band,32,4,20261048,2,0.28648655700871994
141,fixed_band,32,4,20261048,3,0.2909721591719032
141,fixed_band,32,4,20261048,4,0.0
141,fixed_band,32,4,20261048,5,0.34684061234090346
142,fixed_band,32,4,20261049,0,0.16269613937595936
142,fixed_band,32,4,20261049,1,0.0
142,fixed_band,32,4,20261049,2,0.15494759247183762
142,fixed_band,32,4,20261049,3,0.10737938233999428
142,fixed_band,32,4,20261049,4,0.0
142,fixed_band,32,4,20261049,5,0.11889328388124708
143,fixed_band,32,4,20261050,0,0.17650894374885687
143,fixed_band,32,4,20261050,1,0.0
143,fixed_band,32,4,20261050,2,0.1940532855950934
143,fixed_band,32,4,20261050,3,0.1525352060331749
143,fixed_band,32,4,20261050,4,0.0
143,fixed_band,32,4,20261050,5,0.16150111832839661
144,fixed_band,32,4,20261051,0,0.21700508794832948
144,fixed_band,32,4,20261051,1,0.0
144,fixed_band,32,4,20261051,2,0.21900173771102405
144,fixed_band,32,4,20261051,3,0.24621781126642597
144,fixed_band,32,4,20261051,4,0.0
144,fixed_band,32,4,20261051,5,0.21331330041958427
145,fixed_band,64,2,20261052,0,0.4448785106197545
146,fixed_band,64,2,20261053,0,0.43547175159256524
147,fixed_band,64,2,20261054,0,0.4736177625127496
148,fixed_band,64,2,20261055,0,0.4233752323609085
149,fixed_band,64,2,20261056,0,0.4735495643447945
150,fixed_band,64,2,20261057,0,0.4455419980451917
151,fixed_band,64,2,20261058,0,0.41534745197356654
152,fixed_band,64,2,20261059,0,0.47453627132705795
153,fixed_band,64,2,20261060,0,0.48017999537736783
154,fixed_band,64,2,20261061,0,0.45254377403263457
155,fixed_band,64,2,20261062,0,0.4366642987840012
156,fixed_band,64,2,20261063,0,0.4350130095142067
157,fixed_band,64,2,20261064,0,0.46629593191138324
158,fixed_band,64,2,20261065,0,0.47012556182407594
159,fixed_band,64,2,20261066,0,0.4082371860875673
160,fixed_band,64,2,20261067,0,0.4601240752504816
161,fixed_band,64,2,20261068,0,0.4840853725592198
162,fixed_band,64,2,20261069,0,0.43999875104573377
163,fixed_band,64,2,20261070,0,0.44820661934392697
164,fixed_band,64,2,20261071,0,0.4613416317446705
165,fixed_band,64,2,20261072,0,0.4436490760415815
166,fixed_band,64,2,20261073,0,0.44608520020677483
167,fixed_band,64,2,20261074,0,0.4478140892250548
168,fixed_band,64,2,20261075,0,0.47277530477459356
169,fixed_band,64,4,20261076,0,0.26752418711471554
169,fixed_band,64,4,20261076,1,0.0
169,fixed_band,64,4,20261076,2,0.19642812518579883
169,fixed_band,64,4,20261076,3,0.2938844242726089
169,fixed_band,64,4,20261076,4,0.0
169,fixed_band,64,4,20261076,5,0.3352464955579419
170,fixed_band,64,4,20261077,0,0.18627784448137194
170,fixed_band,64,4,20261077,1,0.0
170,fixed_band,64,4,20261077,2,0.2579894348879654
170,fixed_band,64,4,20261077,3,0.15868583161794614
170,fixed_band,64,4,20261077,4,0.0
170,fixed_band,64,4,20261077,5,0.195511892803893
171,fixed_band,64,4,20261078,0,0.15855206797875876
171,fixed_band,64,4,20261078,1,0.0
171,fixed_band,64,4,20261078,2,0.20882546572809627
171,fixed_band,64,4,20261078,3,0.17395790153585353
171,fixed_band,64,4,20261078,4,0.0
171,fixed_band,64,4,20261078,5,0.198508695569291
172,fixed_band,64,4,20261079,0,0.2201914922394378
172,fixed_band,64,4,20261079,1,0.0
172,fixed_band,64,4,20261079,2,0.22314150123862367
172,fixed_band,64,4,20261079,3,0.27284588834034484
172,fixed_band,64,4,20261079,4,0.0
172,fixed_band,64,4,20261079,5,0.2534530473125484
173,fixed_band,64,4,20261080,0,0.20286736352679918
173,fixed_band,64,4,20261080,1,0.0
173,fixed_band,64,4,20261080,2,0.1807136728067122
173,fixed_band,64,4,20261080,3,0.16177778213363928
173,fixed_band,64,4,20261080,4,0.0
173,fixed_band,64,4,20261080,5,0.20726086108460845
174,fixed_band,64,4,20261081,0,0.2074974338985831
174,fixed_band,64,4,20261081,1,0.0
174,fixed_band,64,4,20261081,2,0.19446246033895434
174,fixed_band,64,4,20261081,3,0.20473629277739228
174,fixed_band,64,4,20261081,4,0.0
174,fixed_band,64,4,20261081,5,0.1786430726617744
175,fixed_band,64,4,20261082,0,0.2505399487315107
175,fixed_band,64,4,20261082,1,0.0
175,fixed_band,64,4,20261082,2,0.2084215618732906
175,fixed_band,64,4,20261082,3,0.22780694543633367
175,fixed_band,64,4,20261082,4,0.0
175,fixed_band,64,4,20261082,5,0.2015715506204899
176,fixed_band,64,4,20261083,0,0.1434503630664539
176,fixed_band,64,4,20261083,1,0.0
176,fixed_band,64,4,20261083,2,0.16012936024593522
176,fixed_band,64,4,20261083,3,0.13187964289954585
176,fixed_band,64,4,20261083,4,0.0
176,fixed_band,64,4,20261083,5,0.14591414102593675
177,fixed_band,64,4,20261084,0,0.18994689225470185
177,fixed_band,64,4,20261084,1,0.0
177,fixed_band,64,4,20261084,2,0.18524162617619136
177,fixed_band,64,4,20261084,3,0.18741310408738482
177,fixed_band,64,4,20261084,4,0.0
177,fixed_band,64,4,20261084,5,0.17115799288208863
178,fixed_band,64,4,20261085,0,0.14758886454895215
178,fixed_band,64,4,20261085,1,0.0
178,fixed_band,64,4,20261085,2,0.1623713144712958
178,fixed_band,64,4,20261085,3,0.14903224091851613
178,fixed_band,64,4,20261085,4,0.0
178,fixed_band,64,4,20261085,5,0.15844531827333042
179,fixed_band,64,4,20261086,0,0.19260906199002287
179,fixed_band,64,4,20261086,1,0.0
179,fixed_band,64,4,20261086,2,0.18043054033941563
179,fixed_band,64,4,20261086,3,0.2611772801375764
179,fixed_band,64,4,20261086,4,0.0
179,fixed_band,64,4,20261086,5,0.2215078522240764
180,fixed_band,64,4,20261087,0,0.18338495457918097
180,fixed_band,64,4,20261087,1,0.0
180,fixed_band,64,4,20261087,2,0.23466076910112973
180,fixed_band,64,4,20261087,3,0.16844155106539305
180,fixed_band,64,4,20261087,4,0.0
180,fixed_band,64,4,20261087,5,0.18646411849200015
181,fixed_band,64,4,20261088,0,0.1942300275806584
181,fixed_band,64,4,20261088,1,0.0
181,fixed_band,64,4,20261088,2,0.15419034438408194
181,fixed_band,64,4,20261088,3,0.18597404318914884
181,fixed_band,64,4,20261088,4,0.0
181,fixed_band,64,4,20261088,5,0.15820749100014764
182,fixed_band,64,4,20261089,0,0.15402897924520495
182,fixed_band,64,4,20261089,1,0.0
182,fixed_band,64,4,20261089,2,0.15223618641345452
182,fixed_band,64,4,20261089,3,0.1366161798928945
182,fixed_band,64,4,20261089,4,0.0
182,fixed_band,64,4,20261089,5,0.14244782043421128
183,fixed_band,64,4,20261090,0,0.20642305019170631
183,fixed_band,64,4,20261090,1,0.0
183,fixed_band,64,4,20261090,2,0.22212997879263405
183,fixed_band,64,4,20261090,3,0.18984424933232974
183,fixed_band,64,4,20261090,4,0.0
183,fixed_band,64,4,20261090,5,0.2874744157359305
184,fixed_band,64,4,20261091,0,0.203470302988278
184,fixed_band,64,4,20261091,1,0.0
184,fixed_band,64,4,20261091,2,0.1963881563455096
184,fixed_band,64,4,20261091,3,0.14448436232068548
184,fixed_band,64,4,20261091,4,0.0
184,fixed_band,64,4,20261091,5,0.1659625422049256
185,fixed_band,64,4,20261092,0,0.14636250769009113
185,fixed_band,64,4,20261092,1,0.0
185,fixed_band,64,4,20261092,2,0.15098767849833203
185,fixed_band,64,4,20261092,3,0.1610406045123517
185,fixed_band,64,4,20261092,4,0.0
185,fixed_band,64,4,20261092,5,0.14628342803442623
186,fixed_band,64,4,20261093,0,0.17146474000203077
186,fixed_band,64,4,20261093,1,0.0
186,fixed_band,64,4,20261093,2,0.1700408121632832
186,fixed_band,64,4,20261093,3,0.18400471042579492
186,fixed_band,64,4,20261093,4,0.0
186,fixed_band,64,4,20261093,5,0.1849539455659788
187,fixed_band,64,4,20261094,0,0.21840556847605028
187,fixed_band,64,4,20261094,1,0.0
187,fixed_band,64,4,20261094,2,0.15815025832702495
187,fixed_band,64,4,20261094,3,0.18044621241947711
187,fixed_band,64,4,20261094,4,0.0
187,fixed_band,64,4,20261094,5,0.17718194700334558
188,fixed_band,64,4,20261095,0,0.19998719151680566
188,fixed_band,64,4,20261095,1,0.0
188,fixed_band,64,4,20261095,2,0.18849641813759685
188,fixed_band,64,4,20261095,3,0.14773791697647898
188,fixed_band,64,4,20261095,4,0.0
188,fixed_band,64,4,20261095,5,0.1906993566177887
189,fixed_band,64,4,20261096,0,0.20698499352522443
189,fixed_band,64,4,20261096,1,0.0
189,fixed_band,64,4,20261096,2,0.21823200365268994
189,fixed_band,64,4,20261096,3,0.21791674817398746
189,fixed_band,64,4,20261096,4,0.0
189,fixed_band,64,4,20261096,5,0.28230663856037597
190,fixed_band,64,4,20261097,0,0.17631540118195385
190,fixed_band,64,4,20261097,1,0.0
190,fixed_band,64,4,20261097,2,0.1681423388562614
190,fixed_band,64,4,20261097,3,0.18020916024983674
190,fixed_band,64,4,20261097,4,0.0
190,fixed_band,64,4,20261097,5,0.22428530127691956
191,fixed_band,64,4,20261098,0,0.15295980937162734
191,fixed_band,64,4,20261098,1,0.0
191,fixed_band,64,4,20261098,2,0.14087357480786722
191,fixed_band,64,4,20261098,3,0.1488517757186225
191,fixed_band,64,4,20261098,4,0.0
191,fixed_band,64,4,20261098,5,0.17060962831221696
192,fixed_band,64,4,20261099,0,0.25062107731591404
192,fixed_band,64,4,20261099,1,0.0
192,fixed_band,64,4,20261099,2,0.20221178782652163
192,fixed_band,64,4,20261099,3,0.167164298044412
192,fixed_band,64,4,20261099,4,0.0
192,fixed_band,64,4,20261099,5,0.1932563655318176
193,fixed_band,128,2,20261100,0,0.45948528836555186
194,fixed_band,128,2,20261101,0,0.4554655496744043
195,fixed_band,128,2,20261102,0,0.46425089931921254
196,fixed_band,128,2,20261103,0,0.4505186444838724
197,fixed_band,128,2,20261104,0,0.4598181282247985
198,fixed_band,128,2,20261105,0,0.44154182472922565
199,fixed_band,128,2,20261106,0,0.438090834405459
200,fixed_band,128,2,20261107,0,0.47836391923562993
201,fixed_band,128,2,20261108,0,0.4618909292021006
202,fixed_band,128,2,20261109,0,0.4662734187670395
203,fixed_band,128,2,20261110,0,0.4449727978694859
204,fixed_band,128,2,20261111,0,0.4880004083888292
205,fixed_band,128,2,20261112,0,0.4598170836332871
206,fixed_band,128,2,20261113,0,0.46488506164323445
207,fixed_band,128,2,20261114,0,0.47550211496231876
208,fixed_band,128,2,20261115,0,0.45919662007417666
209,fixed_band,128,2,20261116,0,0.4442702852354168
210,fixed_band,128,2,20261117,0,0.47461801739930054
211,fixed_band,128,2,20261118,0,0.47697255504167513
212,fixed_band,128,2,20261119,0,0.4649026051890627
213,fixed_band,128,2,20261120,0,0.46572039156315
214,fixed_band,128,2,20261121,0,0.47395833844905627
215,fixed_band,128,2,20261122,0,0.4611680090400553
216,fixed_band,128,2,20261123,0,0.42186382055944566
217,fixed_band,128,4,20261124,0,0.16516193212986346
217,fixed_band,128,4,20261124,1,0.0
217,fixed_band,128,4,20261124,2,0.1321026602196552
217,fixed_band,128,4,20261124,3,0.14868836994641188
217,fixed_band,128,4,20261124,4,0.0
217,fixed_band,128,4,20261124,5,0.13806216449172815
218,fixed_band,128,4,20261125,0,0.20082186720623058
218,fixed_band,128,4,20261125,1,0.0
218,fixed_band,128,4,20261125,2,0.22103645641197178
218,fixed_band,128,4,20261125,3,0.1916623067135149
218,fixed_band,128,4,20261125,4,0.0
218,fixed_band,128,4,20261125,5,0.18905994417615293
219,fixed_band,128,4,20261126,0,0.21179487985611117
219,fixed_band,128,4,20261126,1,0.0
219,fixed_band,128,4,20261126,2,0.2022569030103401
219,fixed_band,128,4,20261126,3,0.20586976387908218
219,fixed_band,128,4,20261126,4,0.0
219,fixed_band,128,4,20261126,5,0.25435514503028417
220,fixed_band,128,4,20261127,0,0.15496713367027928
220,fixed_band,128,4,20261127,1,0.0
220,fixed_band,128,4,20261127,2,0.16468619735984008
220,fixed_band,128,4,20261127,3,0.18899785416496814
220,fixed_band,128,4,20261127,4,0.0
220,fixed_band,128,4,20261127,5,0.1621271521873552
221,fixed_band,128,4,20261128,0,0.21401844323596342
221,fixed_band,128,4,20261128,1,0.0
221,fixed_band,128,4,20261128,2,0.1886322683048397
221,fixed_band,128,4,20261128,3,0.20260191029063404
221,fixed_band,128,4,20261128,4,0.0
221,fixed_band,128,4,20261128,5,0.1849646239868879
222,fixed_band,128,4,20261129,0,0.1423809593077299
222,fixed_band,128,4,20261129,1,0.0
222,fixed_band,128,4,20261129,2,0.14244868856589235
222,fixed_band,128,4,20261129,3,0.13922097080626217
222,fixed_band,128,4,20261129,4,0.0
222,fixed_band,128,4,20261129,5,0.15376799366640964
223,fixed_band,128,4,20261130,0,0.2121597800584672
223,fixed_band,128,4,20261130,1,0.0
223,fixed_band,128,4,20261130,2,0.23419234273704762
223,fixed_band,128,4,20261130,3,0.21350669172747916
223,fixed_band,128,4,20261130,4,0.0
223,fixed_band,128,4,20261130,5,0.23389663198054597
224,fixed_band,128,4,20261131,0,0.11274553145342173
224,fixed_band,128,4,20261131,1,0.0
224,fixed_band,128,4,20261131,2,0.15742550554918647
224,fixed_band,128,4,20261131,3,0.1497526714573365
224,fixed_band,128,4,20261131,4,0.0
224,fixed_band,128,4,20261131,5,0.1362623734525873
225,fixed_band,128,4,20261132,0,0.1695514052835271
225,fixed_band,128,4,20261132,1,0.0
225,fixed_band,128,4,20261132,2,0.1800198832260901
225,fixed_band,128,4,20261132,3,0.17845453157012364
225,fixed_band,128,4,20261132,4,0.0
225,fixed_band,128,4,20261132,5,0.19900320971471228
226,fixed_band,128,4,20261133,0,0.2384312360049055
226,fixed_band,128,4,20261133,1,0.0
226,fixed_band,128,4,20261133,2,0.22397909995260096
226,fixed_band,128,4,20261133,3,0.24121141614544567
226,fixed_band,128,4,20261133,4,0.0
226,fixed_band,128,4,20261133,5,0.2189030367298679
227,fixed_band,128,4,20261134,0,0.1964812219224363
227,fixed_band,128,4,20261134,1,0.0
227,fixed_band,128,4,20261134,2,0.16363422179909118
227,fixed_band,128,4,20261134,3,0.21800626471257323
227,fixed_band,128,4,20261134,4,0.0
227,fixed_band,128,4,20261134,5,0.17923041281097313
228,fixed_band,128,4,20261135,0,0.19698685896502835
228,fixed_band,128,4,20261135,1,0.0
228,fixed_band,128,4,20261135,2,0.17599722968389633
228,fixed_band,128,4,20261135,3,0.192004681059383
228,fixed_band,128,4,20261135,4,0.0
228,fixed_band,128,4,20261135,5,0.20209032649643058
229,fixed_band,128,4,20261136,0,0.1601466226905942
229,fixed_band,128,4,20261136,1,0.0
229,fixed_band,128,4,20261136,2,0.17707304326306605
229,fixed_band,128,4,20261136,3,0.14881978431488743
229,fixed_band,128,4,20261136,4,0.0
229,fixed_band,128,4,20261136,5,0.17548618365332996
230,fixed_band,128,4,20261137,0,0.19505661623098453
230,fixed_band,128,4,20261137,1,0.0
230,fixed_band,128,4,20261137,2,0.20743559415761917
230,fixed_band,128,4,20261137,3,0.16871989700807177
230,fixed_band,128,4,20261137,4,0.0
230,fixed_band,128,4,20261137,5,0.18620274620158428
231,fixed_band,128,4,20261138,0,0.20610133350001417
231,fixed_band,128,4,20261138,1,0.0
231,fixed_band,128,4,20261138,2,0.19404096862535974
231,fixed_band,128,4,20261138,3,0.1706848234666114
231,fixed_band,128,4,20261138,4,0.0
231,fixed_band,128,4,20261138,5,0.1634884053823722
232,fixed_band,128,4,20261139,0,0.14720638229220392
232,fixed_band,128,4,20261139,1,0.0
232,fixed_band,128,4,20261139,2,0.14968383369766158
232,fixed_band,128,4,20261139,3,0.15894339969367133
232,fixed_band,128,4,20261139,4,0.0
232,fixed_band,128,4,20261139,5,0.16479456737125875
233,fixed_band,128,4,20261140,0,0.13580481791378873
233,fixed_band,128,4,20261140,1,0.0
233,fixed_band,128,4,20261140,2,0.14727618090005262
233,fixed_band,128,4,20261140,3,0.13585576158349205
233,fixed_band,128,4,20261140,4,0.0
233,fixed_band,128,4,20261140,5,0.14473314770961102
234,fixed_band,128,4,20261141,0,0.18780548794961918
234,fixed_band,128,4,20261141,1,0.0
234,fixed_band,128,4,20261141,2,0.15586761310821995
234,fixed_band,128,4,20261141,3,0.173398423794243
234,fixed_band,128,4,20261141,4,0.0
234,fixed_band,128,4,20261141,5,0.1546934950583699
235,fixed_band,128,4,20261142,0,0.18630578589128804
235,fixed_band,128,4,20261142,1,0.0
235,fixed_band,128,4,20261142,2,0.1715248002614227
235,fixed_band,128,4,20261142,3,0.23311538386751476
235,fixed_band,128,4,20261142,4,0.0
235,fixed_band,128,4,20261142,5,0.19708586201786255
236,fixed_band,128,4,20261143,0,0.2060526502542643
236,fixed_band,128,4,20261143,1,0.0
236,fixed_band,128,4,20261143,2,0.22709253343107733
236,fixed_band,128,4,20261143,3,0.2421088296807172
236,fixed_band,128,4,20261143,4,0.0
236,fixed_band,128,4,20261143,5,0.29590750349526074
237,fixed_band,128,4,20261144,0,0.1991129939510445
237,fixed_band,128,4,20261144,1,0.0
237,fixed_band,128,4,20261144,2,0.24451198887505476
237,fixed_band,128,4,20261144,3,0.1520959156192265
237,fixed_band,128,4,20261144,4,0.0
237,fixed_band,128,4,20261144,5,0.18320348723353297
238,fixed_band,128,4,20261145,0,0.14804297386180965
238,fixed_band,128,4,20261145,1,0.0
238,fixed_band,128,4,20261145,2,0.15375795838189688
238,fixed_band,128,4,20261145,3,0.14099344080125997
238,fixed_band,128,4,20261145,4,0.0
238,fixed_band,128,4,20261145,5,0.14469997408667068
239,fixed_band,128,4,20261146,0,0.17383086905757028
239,fixed_band,128,4,20261146,1,0.0
239,fixed_band,128,4,20261146,2,0.21677920683375626
239,fixed_band,128,4,20261146,3,0.22074767366090098
239,fixed_band,128,4,20261146,4,0.0
239,fixed_band,128,4,20261146,5,0.25472043727676785
240,fixed_band,128,4,20261147,0,0.21227560530104264
240,fixed_band,128,4,20261147,1,0.0
240,fixed_band,128,4,20261147,2,0.23750231861513998
240,fixed_band,128,4,20261147,3,0.19007721043456227
240,fixed_band,128,4,20261147,4,0.0
240,fixed_band,128,4,20261147,5,0.23453020117853907
241,random_matching,8,2,20261148,0,0.178037591210751
242,random_matching,8,2,20261149,0,0.4759719599019167
243,random_matching,8,2,20261150,0,0.34348989067552294
244,random_matching,8,2,20261151,0,0.4714237375487995
245,random_matching,8,2,20261152,0,0.7842389483671529
246,random_matching,8,2,20261153,0,0.4152634984481219
247,random_matching,8,2,20261154,0,0.48694584977555355
248,random_matching,8,2,20261155,0,0.3793616508505309
249,random_matching,8,2,20261156,0,0.4482244338456643
250,random_matching,8,2,20261157,0,0.24137890449618016
251,random_matching,8,2,20261158,0,0.44129409056721886
252,random_matching,8,2,20261159,0,0.4796157046184735
253,random_matching,8,2,20261160,0,0.426433974039941
254,random_matching,8,2,20261161,0,0.4325266949246889
255,random_matching,8,2,20261162,0,0.45688062473339097
256,random_matching,8,2,20261163,0,0.45156606557404505
257,random_matching,8,2,20261164,0,0.4987781441212878
258,random_matching,8,2,20261165,0,0.4676870185226799
259,random_matching,8,2,20261166,0,0.44993017733144963
260,random_matching,8,2,20261167,0,0.40513463644363795
261,random_matching,8,2,20261168,0,0.34092239281490905
262,random_matching,8,2,20261169,0,0.2920253811745468
263,random_matching,8,2,20261170,0,0.05960223020130179
264,random_matching,8,2,20261171,0,0.4722270511119094
265,random_matching,8,4,20261172,0,0.12216432250474085
265,random_matching,8,4,20261172,1,0.29067816107631617
265,random_matching,8,4,20261172,2,0.3108517981159
265,random_matching,8,4,20261172,3,0.3338435767112279
265,random_matching,8,4,20261172,4,0.0
265,random_matching,8,4,20261172,5,0.2367421340216334
266,random_matching,8,4,20261173,0,0.29824113162249827
266,random_matching,8,4,20261173,1,0.2343336567640312
266,random_matching,8,4,20261173,2,0.06590925753201138
266,random_matching,8,4,20261173,3,0.23056151547447626
266,random_matching,8,4,20261173,4,0.05163223437214916
266,random_matching,8,4,20261173,5,0.09229570917318367
267,random_matching,8,4,20261174,0,0.19483551992683149
267,random_matching,8,4,20261174,1,0.14337761484353787
267,random_matching,8,4,20261174,2,0.21630120211883014
267,random_matching,8,4,20261174,3,0.189004585724747
267,random_matching,8,4,20261174,4,0.21619002875461749
267,random_matching,8,4,20261174,5,0.1910008266552459
268,random_matching,8,4,20261175,0,0.3199049709145502
268,random_matching,8,4,20261175,1,0.33628460985668074
268,random_matching,8,4,20261175,2,0.3923237000923944
268,random_matching,8,4,20261175,3,0.3091083537087125
268,random_matching,8,4,20261175,4,0.23950053896655205
268,random_matching,8,4,20261175,5,0.1500673077288811
269,random_matching,8,4,20261176,0,0.1131090242776264
269,random_matching,8,4,20261176,1,0.12210889762715413
269,random_matching,8,4,20261176,2,0.2259486583731976
269,random_matching,8,4,20261176,3,0.12920383739968883
269,random_matching,8,4,20261176,4,0.21484924162483812
269,random_matching,8,4,20261176,5,0.25605128798063026
270,random_matching,8,4,20261177,0,0.14984174808652065
270,random_matching,8,4,20261177,1,0.19899845566095645
270,random_matching,8,4,20261177,2,0.29405269841644227
270,random_matching,8,4,20261177,3,0.15554171358407207
270,random_matching,8,4,20261177,4,0.23487369254999482
270,random_matching,8,4,20261177,5,0.212361177816047
271,random_matching,8,4,20261178,0,0.42515865782065027
271,random_matching,8,4,20261178,1,0.21306732712549256
271,random_matching,8,4,20261178,2,0.4898133382405843
271,random_matching,8,4,20261178,3,0.12244874026819838
271,random_matching,8,4,20261178,4,0.22783891347667984
271,random_matching,8,4,20261178,5,0.12975929202930286
272,random_matching,8,4,20261179,0,0.1397264765919475
272,random_matching,8,4,20261179,1,0.10803789572474634
272,random_matching,8,4,20261179,2,0.13481692489602418
272,random_matching,8,4,20261179,3,0.11794256043838784
272,random_matching,8,4,20261179,4,0.15379034214525816
272,random_matching,8,4,20261179,5,0.16917163081680514
273,random_matching,8,4,20261180,0,0.17620301853968848
273,random_matching,8,4,20261180,1,0.1632743638779781
273,random_matching,8,4,20261180,2,0.1851930908030255
273,random_matching,8,4,20261180,3,0.1648668336997151
273,random_matching,8,4,20261180,4,0.1433197579946741
273,random_matching,8,4,20261180,5,0.10438391332823191
274,random_matching,8,4,20261181,0,0.40595001492881905
274,random_matching,8,4,20261181,1,0.09986567387245673
274,random_matching,8,4,20261181,2,0.23764328454215353
274,random_matching,8,4,20261181,3,0.17858940379435442
274,random_matching,8,4,20261181,4,0.17085835497772056
274,random_matching,8,4,20261181,5,0.15438777081486288
275,random_matching,8,4,20261182,0,0.10380252567072155
275,random_matching,8,4,20261182,1,0.305760781836229
275,random_matching,8,4,20261182,2,0.2532627244768869
275,random_matching,8,4,20261182,3,0.22358103959261555
275,random_matching,8,4,20261182,4,0.08681522606601137
275,random_matching,8,4,20261182,5,0.17199032575695056
276,random_matching,8,4,20261183,0,0.19910014975791188
276,random_matching,8,4,20261183,1,0.25021353557903936
276,random_matching,8,4,20261183,2,0.15446593992599852
276,random_matching,8,4,20261183,3,0.22895831434995753
276,random_matching,8,4,20261183,4,0.12606345627084029
276,random_matching,8,4,20261183,5,0.13747074917348961
277,random_matching,8,4,20261184,0,0.22495718585425012
277,random_matching,8,4,20261184,1,0.22117275347129878
277,random_matching,8,4,20261184,2,0.2375806846903419
277,random_matching,8,4,20261184,3,0.14365848622980718
277,random_matching,8,4,20261184,4,0.08934245172801092
277,random_matching,8,4,20261184,5,0.2114430966880369
278,random_matching,8,4,20261185,0,0.059174396495270384
278,random_matching,8,4,20261185,1,0.16949024003903163
278,random_matching,8,4,20261185,2,0.09734140700969188
278,random_matching,8,4,20261185,3,0.1670760394053304
278,random_matching,8,4,20261185,4,0.1516065418287517
278,random_matching,8,4,20261185,5,0.20615558585646523
279,random_matching,8,4,20261186,0,0.04450916325720422
279,random_matching,8,4,20261186,1,0.23015314329727857
279,random_matching,8,4,20261186,2,0.11683483757433193
279,random_matching,8,4,20261186,3,0.22159046408994076
279,random_matching,8,4,20261186,4,0.126343582876995
279,random_matching,8,4,20261186,5,0.11923440766356039
280,random_matching,8,4,20261187,0,0.2206671025373127
280,random_matching,8,4,20261187,1,0.31541771144401753
280,random_matching,8,4,20261187,2,0.17635196734041156
280,random_matching,8,4,20261187,3,0.15048814199713345
280,random_matching,8,4,20261187,4,0.08865893229061415
280,random_matching,8,4,20261187,5,0.30473415574520324
281,random_matching,8,4,20261188,0,0.1604100933830676
281,random_matching,8,4,20261188,1,0.14415481518665968
281,random_matching,8,4,20261188,2,0.13210747318262941
281,random_matching,8,4,20261188,3,0.18764341152281663
281,random_matching,8,4,20261188,4,0.16543163898552044
281,random_matching,8,4,20261188,5,0.141236818079755
282,random_matching,8,4,20261189,0,0.46587050229073745
282,random_matching,8,4,20261189,1,0.3353734299859304
282,random_matching,8,4,20261189,2,0.20594988744213627
282,random_matching,8,4,20261189,3,0.24699709680692064
282,random_matching,8,4,20261189,4,0.1649445046066827
282,random_matching,8,4,20261189,5,0.18897790062594985
283,random_matching,8,4,20261190,0,0.1392675564287239
283,random_matching,8,4,20261190,1,0.1809433090194836
283,random_matching,8,4,20261190,2,0.21471478411913614
283,random_matching,8,4,20261190,3,0.15368667476333184
283,random_matching,8,4,20261190,4,0.11717116032342273
283,random_matching,8,4,20261190,5,0.09171915206139039
284,random_matching,8,4,20261191,0,0.05483936532643845
284,random_matching,8,4,20261191,1,0.08974406809630467
284,random_matching,8,4,20261191,2,0.04467294035495404
284,random_matching,8,4,20261191,3,0.34746202575171226
284,random_matching,8,4,20261191,4,0.11700983222785483
284,random_matching,8,4,20261191,5,0.15829159592880465
285,random_matching,8,4,20261192,0,0.19498255529343103
285,random_matching,8,4,20261192,1,0.13441653280585672
285,random_matching,8,4,20261192,2,0.07867185383829241
285,random_matching,8,4,20261192,3,0.2516526148069765
285,random_matching,8,4,20261192,4,0.1100159617109585
285,random_matching,8,4,20261192,5,0.1286819589956281
286,random_matching,8,4,20261193,0,0.2802860036848666
286,random_matching,8,4,20261193,1,0.26838547420727465
286,random_matching,8,4,20261193,2,0.3423322443100314
286,random_matching,8,4,20261193,3,0.3198918312399071
286,random_matching,8,4,20261193,4,0.27154976258767666
286,random_matching,8,4,20261193,5,0.29823299566706135
287,random_matching,8,4,20261194,0,0.0635473375104536
287,random_matching,8,4,20261194,1,0.2182963964453752
287,random_matching,8,4,20261194,2,0.3305320306040421
287,random_matching,8,4,20261194,3,0.12544758763276156
287,random_matching,8,4,20261194,4,0.19181746072971062
287,random_matching,8,4,20261194,5,0.035368185373398524
288,random_matching,8,4,20261195,0,0.1575436868123522
288,random_matching,8,4,20261195,1,0.1743644414377293
288,random_matching,8,4,20261195,2,0.10063999988801162
288,random_matching,8,4,20261195,3,0.16994970916171406
288,random_matching,8,4,20261195,4,0.1593742389453006
288,random_matching,8,4,20261195,5,0.16283432066195228
289,random_matching,16,2,20261196,0,0.4043298828041708
290,random_matching,16,2,20261197,0,0.4257010530526816
291,random_matching,16,2,20261198,0,0.4222472114226101
292,random_matching,16,2,20261199,0,0.4506081500882496
293,random_matching,16,2,20261200,0,0.41721161240636473
294,random_matching,16,2,20261201,0,0.49449848527549184
295,random_matching,16,2,20261202,0,0.4179728329416472
296,random_matching,16,2,20261203,0,0.455459950991004
297,random_matching,16,2,20261204,0,0.4619427592474303
298,random_matching,16,2,20261205,0,0.3686722276635014
299,random_matching,16,2,20261206,0,0.47281683912565386
300,random_matching,16,2,20261207,0,0.46603819350802017
301,random_matching,16,2,20261208,0,0.43910814489855626
302,random_matching,16,2,20261209,0,0.4664962282345926
303,random_matching,16,2,20261210,0,0.4618176971955563
304,random_matching,16,2,20261211,0,0.2880311877570917
305,random_matching,16,2,20261212,0,0.3209314029419478
306,random_matching,16,2,20261213,0,0.4511607700891557
307,random_matching,16,2,20261214,0,0.43896268940457456
308,random_matching,16,2,20261215,0,0.42168750401833655
309,random_matching,16,2,20261216,0,0.4697450893413595
310,random_matching,16,2,20261217,0,0.43859398748088013
311,random_matching,16,2,20261218,0,0.2563862936952931
312,random_matching,16,2,20261219,0,0.571055471675538
313,random_matching,16,4,20261220,0,0.20239901358964407
313,random_matching,16,4,20261220,1,0.20384862857701372
313,random_matching,16,4,20261220,2,0.20512935930598616
313,random_matching,16,4,20261220,3,0.2858228517412616
313,random_matching,16,4,20261220,4,0.18494725663712336
313,random_matching,16,4,20261220,5,0.20909485132759326
314,random_matching,16,4,20261221,0,0.19671143928232154
314,random_matching,16,4,20261221,1,0.24837227472893572
314,random_matching,16,4,20261221,2,0.20176658165849623
314,random_matching,16,4,20261221,3,0.2175995106723299
314,random_matching,16,4,20261221,4,0.1194513263811517
314,random_matching,16,4,20261221,5,0.2077525157523317
315,random_matching,16,4,20261222,0,0.21076971327041816
315,random_matching,16,4,20261222,1,0.1466613874137604
315,random_matching,16,4,20261222,2,0.16601138482032618
315,random_matching,16,4,20261222,3,0.16992602552764713
315,random_matching,16,4,20261222,4,0.20146240028277942
315,random_matching,16,4,20261222,5,0.18196972503308542
316,random_matching,16,4,20261223,0,0.31933733859426505
316,random_matching,16,4,20261223,1,0.2340455507266847
316,random_matching,16,4,20261223,2,0.20022813075166201
316,random_matching,16,4,20261223,3,0.15477087397977085
316,random_matching,16,4,20261223,4,0.19728484552617517
316,random_matching,16,4,20261223,5,0.11134101301185416
317,random_matching,16,4,20261224,0,0.30195599438214793
317,random_matching,16,4,20261224,1,0.13049958483240778
317,random_matching,16,4,20261224,2,0.19550860350445237
317,random_matching,16,4,20261224,3,0.14667142824474594
317,random_matching,16,4,20261224,4,0.25760248714465794
317,random_matching,16,4,20261224,5,0.13075818130685843
318,random_matching,16,4,20261225,0,0.15030592418757932
318,random_matching,16,4,20261225,1,0.11779031506143231
318,random_matching,16,4,20261225,2,0.14973769378031673
318,random_matching,16,4,20261225,3,0.1356207823057202
318,random_matching,16,4,20261225,4,0.12569448515943193
318,random_matching,16,4,20261225,5,0.11224281511203765
319,random_matching,16,4,20261226,0,0.08915703281927667
319,random_matching,16,4,20261226,1,0.2386064488892947
319,random_matching,16,4,20261226,2,0.17569584252502335
319,random_matching,16,4,20261226,3,0.16709923437052254
319,random_matching,16,4,20261226,4,0.12134482172566424
319,random_matching,16,4,20261226,5,0.19040262766759275
320,random_matching,16,4,20261227,0,0.2128479796210887
320,random_matching,16,4,20261227,1,0.36714126513408063
320,random_matching,16,4,20261227,2,0.2010240811669334
320,random_matching,16,4,20261227,3,0.22116952070375556
320,random_matching,16,4,20261227,4,0.20192089709371414
320,random_matching,16,4,20261227,5,0.2502427618157645
321,random_matching,16,4,20261228,0,0.19348561201080305
321,random_matching,16,4,20261228,1,0.2045050834789406
321,random_matching,16,4,20261228,2,0.2225551075869142
321,random_matching,16,4,20261228,3,0.1197822128146978
321,random_matching,16,4,20261228,4,0.18125903240546626
321,random_matching,16,4,20261228,5,0.22152855152307163
322,random_matching,16,4,20261229,0,0.22421216776875721
322,random_matching,16,4,20261229,1,0.2194321482913413
322,random_matching,16,4,20261229,2,0.234977506101647
322,random_matching,16,4,20261229,3,0.2031998737791286
322,random_matching,16,4,20261229,4,0.1989288268718557
322,random_matching,16,4,20261229,5,0.2769142805389212
323,random_matching,16,4,20261230,0,0.1996329241964543
323,random_matching,16,4,20261230,1,0.1822450605807706
323,random_matching,16,4,20261230,2,0.2299515329217004
323,random_matching,16,4,20261230,3,0.17253029752820292
323,random_matching,16,4,20261230,4,0.16041120659985197
323,random_matching,16,4,20261230,5,0.2499631945573392
324,random_matching,16,4,20261231,0,0.14720905421041183
324,random_matching,16,4,20261231,1,0.14769641176957668
324,random_matching,16,4,20261231,2,0.10252667528602327
324,random_matching,16,4,20261231,3,0.17726270989112047
324,random_matching,16,4,20261231,4,0.12825657351682834
324,random_matching,16,4,20261231,5,0.15271147170032237
325,random_matching,16,4,20261232,0,0.1926417569144222
325,random_matching,16,4,20261232,1,0.18021774696747522
325,random_matching,16,4,20261232,2,0.18650698589361125
325,random_matching,16,4,20261232,3,0.24380169718898145
325,random_matching,16,4,20261232,4,0.35283152372538423
325,random_matching,16,4,20261232,5,0.17090791721375717
326,random_matching,16,4,20261233,0,0.22499483826943026
326,random_matching,16,4,20261233,1,0.1517612260006779
326,random_matching,16,4,20261233,2,0.24888717836492552
326,random_matching,16,4,20261233,3,0.21103997537732264
326,random_matching,16,4,20261233,4,0.26459350954752864
326,random_matching,16,4,20261233,5,0.20295492279246988
327,random_matching,16,4,20261234,0,0.25264554417571344
327,random_matching,16,4,20261234,1,0.25964248566534226
327,random_matching,16,4,20261234,2,0.26536917664858817
327,random_matching,16,4,20261234,3,0.2343419135624709
327,random_matching,16,4,20261234,4,0.2244628652683849
327,random_matching,16,4,20261234,5,0.19338664860474794
328,random_matching,16,4,20261235,0,0.23637889818401028
328,random_matching,16,4,20261235,1,0.12933068772424253
328,random_matching,16,4,20261235,2,0.21120291945426445
328,random_matching,16,4,20261235,3,0.1389882617389214
328,random_matching,16,4,20261235,4,0.1697364462688582
328,random_matching,16,4,20261235,5,0.0672094589008193
329,random_matching,16,4,20261236,0,0.2417062210263751
329,random_matching,16,4,20261236,1,0.23012349821023645
329,random_matching,16,4,20261236,2,0.14271131871857712
329,random_matching,16,4,20261236,3,0.24904708729419797
329,random_matching,16,4,20261236,4,0.1699160795431417
329,random_matching,16,4,20261236,5,0.08804968478164019
330,random_matching,16,4,20261237,0,0.23938539702653924
330,random_matching,16,4,20261237,1,0.18651630063833954
330,random_matching,16,4,20261237,2,0.25136454007791853
330,random_matching,16,4,20261237,3,0.14579497822421283
330,random_matching,16,4,20261237,4,0.21038303142833065
330,random_matching,16,4,20261237,5,0.15525648501058378
331,random_matching,16,4,20261238,0,0.17884768538681678
331,random_matching,16,4,20261238,1,0.20052434257116805
331,random_matching,16,4,20261238,2,0.14023618684122624
331,random_matching,16,4,20261238,3,0.17982018395766985
331,random_matching,16,4,20261238,4,0.16249662610646423
331,random_matching,16,4,20261238,5,0.2128288638688077
332,random_matching,16,4,20261239,0,0.21498353101386355
332,random_matching,16,4,20261239,1,0.19384908836226714
332,random_matching,16,4,20261239,2,0.20363127662006425
332,random_matching,16,4,20261239,3,0.1621759159446021
332,random_matching,16,4,20261239,4,0.20880467309201972
332,random_matching,16,4,20261239,5,0.13183090150230112
333,random_matching,16,4,20261240,0,0.11009317021068327
333,random_matching,16,4,20261240,1,0.14416453919683325
333,random_matching,16,4,20261240,2,0.12943647742596062
333,random_matching,16,4,20261240,3,0.22557216706184824
333,random_matching,16,4,20261240,4,0.22615819838504053
333,random_matching,16,4,20261240,5,0.2267372196074783
334,random_matching,16,4,20261241,0,0.17404018925668013
334,random_matching,16,4,20261241,1,0.18426720211039962
334,random_matching,16,4,20261241,2,0.26097544199787315
334,random_matching,16,4,20261241,3,0.2074595289770643
334,random_matching,16,4,20261241,4,0.2997163094764398
334,random_matching,16,4,20261241,5,0.277093459291084
335,random_matching,16,4,20261242,0,0.21687046980492306
335,random_matching,16,4,20261242,1,0.2256432786378373
335,random_matching,16,4,20261242,2,0.1606321072450909
335,random_matching,16,4,20261242,3,0.2430612150124813
335,random_matching,16,4,20261242,4,0.1961265975557613
335,random_matching,16,4,20261242,5,0.1733375221105455
336,random_matching,16,4,20261243,0,0.26864223874474236
336,random_matching,16,4,20261243,1,0.18900187031048413
336,random_matching,16,4,20261243,2,0.2679641051835926
336,random_matching,16,4,20261243,3,0.1859446569013866
336,random_matching,16,4,20261243,4,0.16508176542728514
336,random_matching,16,4,20261243,5,0.17647448900052512
337,random_matching,32,2,20261244,0,0.49022119055185853
338,random_matching,32,2,20261245,0,0.4464026415608242
339,random_matching,32,2,20261246,0,0.4286746959695149
340,random_matching,32,2,20261247,0,0.47211813390403295
341,random_matching,32,2,20261248,0,0.4572146583548306
342,random_matching,32,2,20261249,0,0.434254005160519
343,random_matching,32,2,20261250,0,0.4641766022367359
344,random_matching,32,2,20261251,0,0.4910910460619346
345,random_matching,32,2,20261252,0,0.48189060706769427
346,random_matching,32,2,20261253,0,0.48228384272291513
347,random_matching,32,2,20261254,0,0.47496089446210055
348,random_matching,32,2,20261255,0,0.46613381014008537
349,random_matching,32,2,20261256,0,0.46478339699788224
350,random_matching,32,2,20261257,0,0.4149548873846255
351,random_matching,32,2,20261258,0,0.4542445455744195
352,random_matching,32,2,20261259,0,0.4609079722431524
353,random_matching,32,2,20261260,0,0.4552129156274443
354,random_matching,32,2,20261261,0,0.4751496504251111
355,random_matching,32,2,20261262,0,0.4692742489610764
356,random_matching,32,2,20261263,0,0.47762209372665754
357,random_matching,32,2,20261264,0,0.4347856368669845
358,random_matching,32,2,20261265,0,0.4207154500510268
359,random_matching,32,2,20261266,0,0.3068760689434687
360,random_matching,32,2,20261267,0,0.45428974503788905
361,random_matching,32,4,20261268,0,0.29191317528282457
361,random_matching,32,4,20261268,1,0.2141848097738564
361,random_matching,32,4,20261268,2,0.21898652325758122
361,random_matching,32,4,20261268,3,0.279388513596399
361,random_matching,32,4,20261268,4,0.2912488171053699
361,random_matching,32,4,20261268,5,0.15540022337847015
362,random_matching,32,4,20261269,0,0.15699887542486407
362,random_matching,32,4,20261269,1,0.16965309451526836
362,random_matching,32,4,20261269,2,0.19301247092498916
362,random_matching,32,4,20261269,3,0.18583613187812573
362,random_matching,32,4,20261269,4,0.1776569051134459
362,random_matching,32,4,20261269,5,0.16209956838047868
363,random_matching,32,4,20261270,0,0.18024495693458528
363,random_matching,32,4,20261270,1,0.13062199156543713
363,random_matching,32,4,20261270,2,0.22398343677690924
363,random_matching,32,4,20261270,3,0.15016104957918733
363,random_matching,32,4,20261270,4,0.19032162958708745
363,random_matching,32,4,20261270,5,0.20528043733284543
364,random_matching,32,4,20261271,0,0.14663477116544987
364,random_matching,32,4,20261271,1,0.23108193912591213
364,random_matching,32,4,20261271,2,0.25586058206233986
364,random_matching,32,4,20261271,3,0.2242864677603384
364,random_matching,32,4,20261271,4,0.2414709640310457
364,random_matching,32,4,20261271,5,0.19322026552251137
365,random_matching,32,4,20261272,0,0.23059840169409496
365,random_matching,32,4,20261272,1,0.20076452101164216
365,random_matching,32,4,20261272,2,0.22034351372418828
365,random_matching,32,4,20261272,3,0.19780609124826717
365,random_matching,32,4,20261272,4,0.2571363493707991
365,random_matching,32,4,20261272,5,0.21240629807422753
366,random_matching,32,4,20261273,0,0.2774131702435006
366,random_matching,32,4,20261273,1,0.23698319271968898
366,random_matching,32,4,20261273,2,0.19919612286717617
366,random_matching,32,4,20261273,3,0.26156440625722854
366,random_matching,32,4,20261273,4,0.16694951658804577
366,random_matching,32,4,20261273,5,0.17629298284848763
367,random_matching,32,4,20261274,0,0.20160666222206308
367,random_matching,32,4,20261274,1,0.20951442465669182
367,random_matching,32,4,20261274,2,0.1664202352802886
367,random_matching,32,4,20261274,3,0.18328075947426425
367,random_matching,32,4,20261274,4,0.15514104786109129
367,random_matching,32,4,20261274,5,0.18589104445931984
368,random_matching,32,4,20261275,0,0.17588766906461065
368,random_matching,32,4,20261275,1,0.22267606439112772
368,random_matching,32,4,20261275,2,0.1630021914639212
368,random_matching,32,4,20261275,3,0.18130261858262442
368,random_matching,32,4,20261275,4,0.24827065474951332
368,random_matching,32,4,20261275,5,0.24564924296330046
369,random_matching,32,4,20261276,0,0.23933061368496808
369,random_matching,32,4,20261276,1,0.28516834400389285
369,random_matching,32,4,20261276,2,0.20632685163635806
369,random_matching,32,4,20261276,3,0.2564477351494092
369,random_matching,32,4,20261276,4,0.15837974877545105
369,random_matching,32,4,20261276,5,0.1899386017657453
370,random_matching,32,4,20261277,0,0.18688336069262437
370,random_matching,32,4,20261277,1,0.22552543180968523
370,random_matching,32,4,20261277,2,0.22325359279715967
370,random_matching,32,4,20261277,3,0.2426486007153895
370,random_matching,32,4,20261277,4,0.3010595659631973
370,random_matching,32,4,20261277,5,0.129926363727148
371,random_matching,32,4,20261278,0,0.2680868296441486
371,random_matching,32,4,20261278,1,0.16950549586293048
371,random_matching,32,4,20261278,2,0.1940478269426595
371,random_matching,32,4,20261278,3,0.20194999016203088
371,random_matching,32,4,20261278,4,0.24392168412377832
371,random_matching,32,4,20261278,5,0.165713765874643
372,random_matching,32,4,20261279,0,0.21295357019329253
372,random_matching,32,4,20261279,1,0.23140518998583004
372,random_matching,32,4,20261279,2,0.2241548935166441
372,random_matching,32,4,20261279,3,0.2203901080228144
372,random_matching,32,4,20261279,4,0.26480505215127526
372,random_matching,32,4,20261279,5,0.18057995170975044
373,random_matching,32,4,20261280,0,0.25021363188796264
373,random_matching,32,4,20261280,1,0.16924011870398523
373,random_matching,32,4,20261280,2,0.16891665019512303
373,random_matching,32,4,20261280,3,0.18927276348218658
373,random_matching,32,4,20261280,4,0.18454959006180685
373,random_matching,32,4,20261280,5,0.15994982483687348
374,random_matching,32,4,20261281,0,0.15866197514724978
374,random_matching,32,4,20261281,1,0.2275849290953215
374,random_matching,32,4,20261281,2,0.28588113226887896
374,random_matching,32,4,20261281,3,0.24457724582314205
374,random_matching,32,4,20261281,4,0.1908525757233467
374,random_matching,32,4,20261281,5,0.2807835929309887
375,random_matching,32,4,20261282,0,0.13510650423362494
375,random_matching,32,4,20261282,1,0.21845618430242456
375,random_matching,32,4,20261282,2,0.2462541316854891
375,random_matching,32,4,20261282,3,0.15643643881097655
375,random_matching,32,4,20261282,4,0.18893948939402863
375,random_matching,32,4,20261282,5,0.23019155665440372
376,random_matching,32,4,20261283,0,0.1742033301787598
376,random_matching,32,4,20261283,1,0.20151967942232304
376,random_matching,32,4,20261283,2,0.22207917831844695
376,random_matching,32,4,20261283,3,0.2664970363853254
376,random_matching,32,4,20261283,4,0.2556075803490111
376,random_matching,32,4,20261283,5,0.23359652715604687
377,random_matching,32,4,20261284,0,0.1768400210622025
377,random_matching,32,4,20261284,1,0.2178099883537989
377,random_matching,32,4,20261284,2,0.19400393434266494
377,random_matching,32,4,20261284,3,0.23160157482281893
377,random_matching,32,4,20261284,4,0.21309698184079323
377,random_matching,32,4,20261284,5,0.22038468135880177
378,random_matching,32,4,20261285,0,0.1601588549930984
378,random_matching,32,4,20261285,1,0.1727319967047797
378,random_matching,32,4,20261285,2,0.16470213176112872
378,random_matching,32,4,20261285,3,0.23353161964647945
378,random_matching,32,4,20261285,4,0.18006539148141665
378,random_matching,32,4,20261285,5,0.13914971155426853
379,random_matching,32,4,20261286,0,0.23241780348436197
379,random_matching,32,4,20261286,1,0.20086401720608388
379,random_matching,32,4,20261286,2,0.20474891629109876
379,random_matching,32,4,20261286,3,0.18827931313223673
379,random_matching,32,4,20261286,4,0.24413501716895022
379,random_matching,32,4,20261286,5,0.20530305217209033
380,random_matching,32,4,20261287,0,0.18802223673927393
380,random_matching,32,4,20261287,1,0.200558971420487
380,random_matching,32,4,20261287,2,0.17009586874788515
380,random_matching,32,4,20261287,3,0.1744407582796068
380,random_matching,32,4,20261287,4,0.22064276021848964
380,random_matching,32,4,20261287,5,0.15034405243266324
381,random_matching,32,4,20261288,0,0.1949089572472312
381,random_matching,32,4,20261288,1,0.15669304610703047
381,random_matching,32,4,20261288,2,0.1922565644687286
381,random_matching,32,4,20261288,3,0.21400814610761734
381,random_matching,32,4,20261288,4,0.23501575320280552
381,random_matching,32,4,20261288,5,0.24693561671237999
382,random_matching,32,4,20261289,0,0.20832735786508141
382,random_matching,32,4,20261289,1,0.26900183919542164
382,random_matching,32,4,20261289,2,0.18555200626746243
382,random_matching,32,4,20261289,3,0.22419664148125176
382,random_matching,32,4,20261289,4,0.1995517851478785
382,random_matching,32,4,20261289,5,0.24549355144262305
383,random_matching,32,4,20261290,0,0.19128627554116714
383,random_matching,32,4,20261290,1,0.18105118062605777
383,random_matching,32,4,20261290,2,0.19049149270288193
383,random_matching,32,4,20261290,3,0.18633593877111942
383,random_matching,32,4,20261290,4,0.2030663168950993
383,random_matching,32,4,20261290,5,0.19510795928023086
384,random_matching,32,4,20261291,0,0.15962713951791108
384,random_matching,32,4,20261291,1,0.21561193600014678
384,random_matching,32,4,20261291,2,0.2907543117198861
384,random_matching,32,4,20261291,3,0.1410260785111136
384,random_matching,32,4,20261291,4,0.22011982827814805
384,random_matching,32,4,20261291,5,0.23456331651579726
385,random_matching,64,2,20261292,0,0.4750903126010349
386,random_matching,64,2,20261293,0,0.44063429153969486
387,random_matching,64,2,20261294,0,0.44286906594123265
388,random_matching,64,2,20261295,0,0.44514533881626295
389,random_matching,64,2,20261296,0,0.4645442548654549
390,random_matching,64,2,20261297,0,0.45026682161783216
391,random_matching,64,2,20261298,0,0.43004902152538976
392,random_matching,64,2,20261299,0,0.47292890705525387
393,random_matching,64,2,20261300,0,0.4950696617550029
394,random_matching,64,2,20261301,0,0.490256279876735
395,random_matching,64,2,20261302,0,0.4499301900523749
396,random_matching,64,2,20261303,0,0.4409176172791592
397,random_matching,64,2,20261304,0,0.47273528377986795
398,random_matching,64,2,20261305,0,0.426785090718339
399,random_matching,64,2,20261306,0,0.3934536188314373
400,random_matching,64,2,20261307,0,0.4892488444249764
401,random_matching,64,2,20261308,0,0.4228575802062329
402,random_matching,64,2,20261309,0,0.4411278564911254
403,random_matching,64,2,20261310,0,0.42995890470787335
404,random_matching,64,2,20261311,0,0.4630274115180401
405,random_matching,64,2,20261312,0,0.45670249875119245
406,random_matching,64,2,20261313,0,0.44914913131631684
407,random_matching,64,2,20261314,0,0.420194693613921
408,random_matching,64,2,20261315,0,0.45642240667161166
409,random_matching,64,4,20261316,0,0.22117741168547067
409,random_matching,64,4,20261316,1,0.23465937046947394
409,random_matching,64,4,20261316,2,0.1427774349956142
409,random_matching,64,4,20261316,3,0.20829502301742445
409,random_matching,64,4,20261316,4,0.12527386644093355
409,random_matching,64,4,20261316,5,0.1407082336359725
410,random_matching,64,4,20261317,0,0.2582023765254999
410,random_matching,64,4,20261317,1,0.24010915862020962
410,random_matching,64,4,20261317,2,0.262778349608186
410,random_matching,64,4,20261317,3,0.20430698855279544
410,random_matching,64,4,20261317,4,0.195595529366762
410,random_matching,64,4,20261317,5,0.22805230045011893
411,random_matching,64,4,20261318,0,0.21275915107837537
411,random_matching,64,4,20261318,1,0.2281202062000997
411,random_matching,64,4,20261318,2,0.221159449142776
411,random_matching,64,4,20261318,3,0.19428498896171234
411,random_matching,64,4,20261318,4,0.21365889853083322
411,random_matching,64,4,20261318,5,0.19819009648663297
412,random_matching,64,4,20261319,0,0.22200090450134394
412,random_matching,64,4,20261319,1,0.18385639192815853
412,random_matching,64,4,20261319,2,0.19202836990748148
412,random_matching,64,4,20261319,3,0.1943065595863455
412,random_matching,64,4,20261319,4,0.19563617834604072
412,random_matching,64,4,20261319,5,0.19934250004674622
413,random_matching,64,4,20261320,0,0.23813011577437623
413,random_matching,64,4,20261320,1,0.2217277740041618
413,random_matching,64,4,20261320,2,0.22421528369695548
413,random_matching,64,4,20261320,3,0.20407298964628057
413,random_matching,64,4,20261320,4,0.2051502596037413
413,random_matching,64,4,20261320,5,0.2504132545646199
414,random_matching,64,4,20261321,0,0.19049771819034186
414,random_matching,64,4,20261321,1,0.22229110970964566
414,random_matching,64,4,20261321,2,0.16393247372977274
414,random_matching,64,4,20261321,3,0.19820255434028053
414,random_matching,64,4,20261321,4,0.1876851886378425
414,random_matching,64,4,20261321,5,0.21033293403639522
415,random_matching,64,4,20261322,0,0.2356177729330495
415,random_matching,64,4,20261322,1,0.19981917318143877
415,random_matching,64,4,20261322,2,0.18570217707219308
415,random_matching,64,4,20261322,3,0.21025709184878652
415,random_matching,64,4,20261322,4,0.2696293388937893
415,random_matching,64,4,20261322,5,0.22513249855832387
416,random_matching,64,4,20261323,0,0.22345998035514308
416,random_matching,64,4,20261323,1,0.20341562033630653
416,random_matching,64,4,20261323,2,0.23527485729926226
416,random_matching,64,4,20261323,3,0.2568922487639105
416,random_matching,64,4,20261323,4,0.24952309030096945
416,random_matching,64,4,20261323,5,0.17864694966587663
417,random_matching,64,4,20261324,0,0.24033801708251631
417,random_matching,64,4,20261324,1,0.19724384721573168
417,random_matching,64,4,20261324,2,0.21382959420117598
417,random_matching,64,4,20261324,3,0.2179512342679635
417,random_matching,64,4,20261324,4,0.25207961745111007
417,random_matching,64,4,20261324,5,0.17106743962572019
418,random_matching,64,4,20261325,0,0.15679712514497518
418,random_matching,64,4,20261325,1,0.18731226391516279
418,random_matching,64,4,20261325,2,0.25794546016305986
418,random_matching,64,4,20261325,3,0.19622523776487122
418,random_matching,64,4,20261325,4,0.24766502804582066
418,random_matching,64,4,20261325,5,0.18928028642359723
419,random_matching,64,4,20261326,0,0.18732692998294181
419,random_matching,64,4,20261326,1,0.24035986356585093
419,random_matching,64,4,20261326,2,0.21584935814741021
419,random_matching,64,4,20261326,3,0.2346557419761533
419,random_matching,64,4,20261326,4,0.1943746291820411
419,random_matching,64,4,20261326,5,0.19781650512442195
420,random_matching,64,4,20261327,0,0.25078553054559277
420,random_matching,64,4,20261327,1,0.19460191840695515
420,random_matching,64,4,20261327,2,0.20833673366150948
420,random_matching,64,4,20261327,3,0.21340810076458797
420,random_matching,64,4,20261327,4,0.2480356099662733
420,random_matching,64,4,20261327,5,0.2187418109730366
421,random_matching,64,4,20261328,0,0.18467649779442127
421,random_matching,64,4,20261328,1,0.21017307793022483
421,random_matching,64,4,20261328,2,0.22050018589037948
421,random_matching,64,4,20261328,3,0.1928380528507325
421,random_matching,64,4,20261328,4,0.18983330713318589
421,random_matching,64,4,20261328,5,0.20327677249465903
422,random_matching,64,4,20261329,0,0.18929135338290312
422,random_matching,64,4,20261329,1,0.17580993312187676
422,random_matching,64,4,20261329,2,0.24417303713065183
422,random_matching,64,4,20261329,3,0.16269171480330305
422,random_matching,64,4,20261329,4,0.2046759626944573
422,random_matching,64,4,20261329,5,0.1650225694860246
423,random_matching,64,4,20261330,0,0.2525103484741897
423,random_matching,64,4,20261330,1,0.19050065387706827
423,random_matching,64,4,20261330,2,0.17104838408209563
423,random_matching,64,4,20261330,3,0.22272973335721707
423,random_matching,64,4,20261330,4,0.19310366724394143
423,random_matching,64,4,20261330,5,0.22886257724094952
424,random_matching,64,4,20261331,0,0.18706715945336916
424,random_matching,64,4,20261331,1,0.17912059804430192
424,random_matching,64,4,20261331,2,0.19311109052685188
424,random_matching,64,4,20261331,3,0.1767731919666437
424,random_matching,64,4,20261331,4,0.19835378132885287
424,random_matching,64,4,20261331,5,0.16423473970678915
425,random_matching,64,4,20261332,0,0.19430106585157272
425,random_matching,64,4,20261332,1,0.25228978398788604
425,random_matching,64,4,20261332,2,0.2010767764098698
425,random_matching,64,4,20261332,3,0.22784019768889216
425,random_matching,64,4,20261332,4,0.21957036130576812
425,random_matching,64,4,20261332,5,0.19887587293590808
426,random_matching,64,4,20261333,0,0.18154379641631072
426,random_matching,64,4,20261333,1,0.13412554812979458
426,random_matching,64,4,20261333,2,0.15721116560018802
426,random_matching,64,4,20261333,3,0.17450278285733442
426,random_matching,64,4,20261333,4,0.16568673901310696
426,random_matching,64,4,20261333,5,0.22152184606048833
427,random_matching,64,4,20261334,0,0.19340312929406844
427,random_matching,64,4,20261334,1,0.21077345356335
427,random_matching,64,4,20261334,2,0.25527208549096636
427,random_matching,64,4,20261334,3,0.21932270102331358
427,random_matching,64,4,20261334,4,0.20734779179847757
427,random_matching,64,4,20261334,5,0.233529405168196
428,random_matching,64,4,20261335,0,0.22552405381440532
428,random_matching,64,4,20261335,1,0.24502841702749373
428,random_matching,64,4,20261335,2,0.21877807075433803
428,random_matching,64,4,20261335,3,0.24421586115433191
428,random_matching,64,4,20261335,4,0.1769747167121176
428,random_matching,64,4,20261335,5,0.17995725991587558
429,random_matching,64,4,20261336,0,0.16344794535873608
429,random_matching,64,4,20261336,1,0.18220968031272314
429,random_matching,64,4,20261336,2,0.16025777065766883
429,random_matching,64,4,20261336,3,0.1779240415206291
429,random_matching,64,4,20261336,4,0.1716426537551565
429,random_matching,64,4,20261336,5,0.22163626575185127
430,random_matching,64,4,20261337,0,0.15933234160932522
430,random_matching,64,4,20261337,1,0.20242605791898277
430,random_matching,64,4,20261337,2,0.2145497234668526
430,random_matching,64,4,20261337,3,0.16142036696027223
430,random_matching,64,4,20261337,4,0.17726344497126065
430,random_matching,64,4,20261337,5,0.21492779082564584
431,random_matching,64,4,20261338,0,0.20439692264897208
431,random_matching,64,4,20261338,1,0.26698197954758945
431,random_matching,64,4,20261338,2,0.20239776462361678
431,random_matching,64,4,20261338,3,0.21512025852295993
431,random_matching,64,4,20261338,4,0.1632776822551971
431,random_matching,64,4,20261338,5,0.2078841566995257
432,random_matching,64,4,20261339,0,0.18426202263598762
432,random_matching,64,4,20261339,1,0.1833538522675763
432,random_matching,64,4,20261339,2,0.2114899255146191
432,random_matching,64,4,20261339,3,0.20731906301133018
432,random_matching,64,4,20261339,4,0.20711195166847735
432,random_matching,64,4,20261339,5,0.22988405226057934
433,random_matching,128,2,20261340,0,0.4772809029282766
434,random_matching,128,2,20261341,0,0.4673691067974699
435,random_matching,128,2,20261342,0,0.451975082482883
436,random_matching,128,2,20261343,0,0.4514374010113371
437,random_matching,128,2,20261344,0,0.47264016502052475
438,random_matching,128,2,20261345,0,0.4006059830859696
439,random_matching,128,2,20261346,0,0.4584153115818148
440,random_matching,128,2,20261347,0,0.454232027499134
441,random_matching,128,2,20261348,0,0.4632264801392819
442,random_matching,128,2,20261349,0,0.47846830210049157
443,random_matching,128,2,20261350,0,0.4453243353024893
444,random_matching,128,2,20261351,0,0.540161170978281
445,random_matching,128,2,20261352,0,0.4640580528621738
446,random_matching,128,2,20261353,0,0.40509328475645917
447,random_matching,128,2,20261354,0,0.4350389428721516
448,random_matching,128,2,20261355,0,0.4316755592763964
449,random_matching,128,2,20261356,0,0.4571882417586576
450,random_matching,128,2,20261357,0,0.4759923186430222
451,random_matching,128,2,20261358,0,0.47552393963724193
452,random_matching,128,2,20261359,0,0.4509584955658511
453,random_matching,128,2,20261360,0,0.47145891739801377
454,random_matching,128,2,20261361,0,0.44787092569854176
455,random_matching,128,2,20261362,0,0.4598647134471998
456,random_matching,128,2,20261363,0,0.46677513596486153
457,random_matching,128,4,20261364,0,0.2022797025927885
457,random_matching,128,4,20261364,1,0.2147816908571449
457,random_matching,128,4,20261364,2,0.19943156099567202
457,random_matching,128,4,20261364,3,0.22639599009696545
457,random_matching,128,4,20261364,4,0.24661883746068633
457,random_matching,128,4,20261364,5,0.20752680835642454
458,random_matching,128,4,20261365,0,0.20999084140156693
458,random_matching,128,4,20261365,1,0.23976561032664612
458,random_matching,128,4,20261365,2,0.2101061655232095
458,random_matching,128,4,20261365,3,0.2540456254873419
458,random_matching,128,4,20261365,4,0.24517693529658138
458,random_matching,128,4,20261365,5,0.24152122567476855
459,random_matching,128,4,20261366,0,0.22317016104687815
459,random_matching,128,4,20261366,1,0.18015932276288213
459,random_matching,128,4,20261366,2,0.19499611007078413
459,random_matching,128,4,20261366,3,0.1947212272494437
459,random_matching,128,4,20261366,4,0.18549472829893884
459,random_matching,128,4,20261366,5,0.19739469836448215
460,random_matching,128,4,20261367,0,0.2268373316869913
460,random_matching,128,4,20261367,1,0.2304851373471285
460,random_matching,128,4,20261367,2,0.2127041087655356
460,random_matching,128,4,20261367,3,0.18853988163054944
460,random_matching,128,4,20261367,4,0.22979652240177276
460,random_matching,128,4,20261367,5,0.21224129330199432
461,random_matching,128,4,20261368,0,0.22845964730280588
461,random_matching,128,4,20261368,1,0.23858930470225234
461,random_matching,128,4,20261368,2,0.23924957103169586
461,random_matching,128,4,20261368,3,0.23070147163046237
461,random_matching,128,4,20261368,4,0.25726923466080653
461,random_matching,128,4,20261368,5,0.21741546452344077
462,random_matching,128,4,20261369,0,0.1895661095493762
462,random_matching,128,4,20261369,1,0.2086491389997321
462,random_matching,128,4,20261369,2,0.24077346797437094
462,random_matching,128,4,20261369,3,0.20184464137924277
462,random_matching,128,4,20261369,4,0.2211511123537759
462,random_matching,128,4,20261369,5,0.2341755950366781
463,random_matching,128,4,20261370,0,0.1831293637945477
463,random_matching,128,4,20261370,1,0.20023406005102026
463,random_matching,128,4,20261370,2,0.19877822887520183
463,random_matching,128,4,20261370,3,0.1698276508411548
463,random_matching,128,4,20261370,4,0.18495886351056542
463,random_matching,128,4,20261370,5,0.21222421820620677
464,random_matching,128,4,20261371,0,0.25825760139529663
464,random_matching,128,4,20261371,1,0.22339201508772275
464,random_matching,128,4,20261371,2,0.20581324400125023
464,random_matching,128,4,20261371,3,0.22574817729386737
464,random_matching,128,4,20261371,4,0.21402347283957246
464,random_matching,128,4,20261371,5,0.16917026838790064
465,random_matching,128,4,20261372,0,0.2089599507853287
465,random_matching,128,4,20261372,1,0.2224359527973719
465,random_matching,128,4,20261372,2,0.21318129986031573
465,random_matching,128,4,20261372,3,0.24516912710904443
465,random_matching,128,4,20261372,4,0.19752488196115153
465,random_matching,128,4,20261372,5,0.2104592294056155
466,random_matching,128,4,20261373,0,0.2176110746219216
466,random_matching,128,4,20261373,1,0.2219587148754078
466,random_matching,128,4,20261373,2,0.23492183400605157
466,random_matching,128,4,20261373,3,0.20391421790447958
466,random_matching,128,4,20261373,4,0.25969816908089993
466,random_matching,128,4,20261373,5,0.1717909632875604
467,random_matching,128,4,20261374,0,0.260114850122708
467,random_matching,128,4,20261374,1,0.24777859221443996
467,random_matching,128,4,20261374,2,0.18398626253548556
467,random_matching,128,4,20261374,3,0.2192244421600246
467,random_matching,128,4,20261374,4,0.2575283393425725
467,random_matching,128,4,20261374,5,0.1698014815191969
468,random_matching,128,4,20261375,0,0.19203296655267915
468,random_matching,128,4,20261375,1,0.21795982022496566
468,random_matching,128,4,20261375,2,0.19295846433013483
468,random_matching,128,4,20261375,3,0.21650017402493185
468,random_matching,128,4,20261375,4,0.22503259520017035
468,random_matching,128,4,20261375,5,0.24810107225889408
469,random_matching,128,4,20261376,0,0.23539432038831437
469,random_matching,128,4,20261376,1,0.18489315547750698
469,random_matching,128,4,20261376,2,0.20306886045200878
469,random_matching,128,4,20261376,3,0.201755069000009
469,random_matching,128,4,20261376,4,0.21624175118575178
469,random_matching,128,4,20261376,5,0.24510492490384378
470,random_matching,128,4,20261377,0,0.21688308008364635
470,random_matching,128,4,20261377,1,0.23951427716917711
470,random_matching,128,4,20261377,2,0.2088534219558463
470,random_matching,128,4,20261377,3,0.22543323633713308
470,random_matching,128,4,20261377,4,0.2246694701647858
470,random_matching,128,4,20261377,5,0.2367407510094221
471,random_matching,128,4,20261378,0,0.23832419938469365
471,random_matching,128,4,20261378,1,0.19453491187902985
471,random_matching,128,4,20261378,2,0.2530156403766272
471,random_matching,128,4,20261378,3,0.21151665035964273
471,random_matching,128,4,20261378,4,0.23120705277461742
471,random_matching,128,4,20261378,5,0.22208491700264973
472,random_matching,128,4,20261379,0,0.2635460360461224
472,random_matching,128,4,20261379,1,0.19958020526680773
472,random_matching,128,4,20261379,2,0.24803237202269288
472,random_matching,128,4,20261379,3,0.20904980459133551
472,random_matching,128,4,20261379,4,0.2693717966529539
472,random_matching,128,4,20261379,5,0.21768780332337742
473,random_matching,128,4,20261380,0,0.2624605215804183
473,random_matching,128,4,20261380,1,0.2047175539738662
473,random_matching,128,4,20261380,2,0.2042849530207883
473,random_matching,128,4,20261380,3,0.25134451353439047
473,random_matching,128,4,20261380,4,0.20681307270678106
473,random_matching,128,4,20261380,5,0.22331246865486634
474,random_matching,128,4,20261381,0,0.22573666412792553
474,random_matching,128,4,20261381,1,0.24670443795482105
474,random_matching,128,4,20261381,2,0.24711506808118333
474,random_matching,128,4,20261381,3,0.21850004459674788
474,random_matching,128,4,20261381,4,0.26619709005144276
474,random_matching,128,4,20261381,5,0.24042723027108232
475,random_matching,128,4,20261382,0,0.2452025540261914
475,random_matching,128,4,20261382,1,0.19434113090591473
475,random_matching,128,4,20261382,2,0.24714412497455474
475,random_matching,128,4,20261382,3,0.26128471768952416
475,random_matching,128,4,20261382,4,0.2215061150784963
475,random_matching,128,4,20261382,5,0.20364683699898323
476,random_matching,128,4,20261383,0,0.2180735532762899
476,random_matching,128,4,20261383,1,0.19574326752728696
476,random_matching,128,4,20261383,2,0.23165496610262534
476,random_matching,128,4,20261383,3,0.18966449105095315
476,random_matching,128,4,20261383,4,0.23041883445822683
476,random_matching,128,4,20261383,5,0.19816394944501975
477,random_matching,128,4,20261384,0,0.19590191490517186
477,random_matching,128,4,20261384,1,0.23497216716335242
477,random_matching,128,4,20261384,2,0.2460278185032778
477,random_matching,128,4,20261384,3,0.23734015497096542
477,random_matching,128,4,20261384,4,0.2316934357310419
477,random_matching,128,4,20261384,5,0.358275128775834
478,random_matching,128,4,20261385,0,0.22642172671241734
478,random_matching,128,4,20261385,1,0.21831859996885575
478,random_matching,128,4,20261385,2,0.2316854034079511
478,random_matching,128,4,20261385,3,0.23629309318352346
478,random_matching,128,4,20261385,4,0.258010928849546
478,random_matching,128,4,20261385,5,0.2421858673149557
479,random_matching,128,4,20261386,0,0.18449824951002425
479,random_matching,128,4,20261386,1,0.17181843315163728
479,random_matching,128,4,20261386,2,0.20285811140566468
479,random_matching,128,4,20261386,3,0.21181697957896156
479,random_matching,128,4,20261386,4,0.22485440001635967
479,random_matching,128,4,20261386,5,0.2069803451405233
480,random_matching,128,4,20261387,0,0.21385028347015778
480,random_matching,128,4,20261387,1,0.2281308668011017
480,random_matching,128,4,20261387,2,0.20461128954493515
480,random_matching,128,4,20261387,3,0.2280743728893682
480,random_matching,128,4,20261387,4,0.20336112991933175
480,random_matching,128,4,20261387,5,0.19903159356667807
481,poisson_2d,9,4,20261388,0,0.0
481,poisson_2d,9,4,20261388,1,0.0
481,poisson_2d,9,4,20261388,2,0.0
481,poisson_2d,9,4,20261388,3,0.0
481,poisson_2d,9,4,20261388,4,0.021446609406726238
481,poisson_2d,9,4,20261388,5,0.0
481,poisson_2d,9,4,20261388,6,0.0
481,poisson_2d,9,4,20261388,7,0.0
481,poisson_2d,9,4,20261388,8,0.0
481,poisson_2d,9,4,20261388,9,0.021446609406726238
482,poisson_2d,25,4,20261389,0,0.0
482,poisson_2d,25,4,20261389,1,0.0
482,poisson_2d,25,4,20261389,2,0.0
482,poisson_2d,25,4,20261389,3,0.0
482,poisson_2d,25,4,20261389,4,0.025383991369738238
482,poisson_2d,25,4,20261389,5,0.0
482,poisson_2d,25,4,20261389,6,0.0
482,poisson_2d,25,4,20261389,7,0.0
482,poisson_2d,25,4,20261389,8,0.0
482,poisson_2d,25,4,20261389,9,0.025383991369738245
483,poisson_2d,49,4,20261390,0,0.0
483,poisson_2d,49,4,20261390,1,0.0
483,poisson_2d,49,4,20261390,2,0.0
483,poisson_2d,49,4,20261390,3,0.0
483,poisson_2d,49,4,20261390,4,0.027321963630342117
483,poisson_2d,49,4,20261390,5,0.0
483,poisson_2d,49,4,20261390,6,0.0
483,poisson_2d,49,4,20261390,7,0.0
483,poisson_2d,49,4,20261390,8,0.0
483,poisson_2d,49,4,20261390,9,0.02732196363034212
484,poisson_2d,81,4,20261391,0,0.0
484,poisson_2d,81,4,20261391,1,0.0
484,poisson_2d,81,4,20261391,2,0.0
484,poisson_2d,81,4,20261391,3,0.0
484,poisson_2d,81,4,20261391,4,0.028438124101970892
484,poisson_2d,81,4,20261391,5,0.0
484,poisson_2d,81,4,20261391,6,0.0
484,poisson_2d,81,4,20261391,7,0.0
484,poisson_2d,81,4,20261391,8,0.0
484,poisson_2d,81,4,20261391,9,0.028438124101970892
485,poisson_2d,121,4,20261392,0,0.0
485,poisson_2d,121,4,20261392,1,0.0
485,poisson_2d,121,4,20261392,2,0.0
485,poisson_2d,121,4,20261392,3,0.0
485,poisson_2d,121,4,20261392,4,0.029139731219166184
485,poisson_2d,121,4,20261392,5,0.0
485,poisson_2d,121,4,20261392,6,0.0
485,poisson_2d,121,4,20261392,7,0.0
485,poisson_2d,121,4,20261392,8,0.0
485,poisson_2d,121,4,20261392,9,0.02913973121916621
