pattern,N,degree,t,r,samples,mean,median,q05,q95,maximum,mean_ci_low,mean_ci_high,max_bound_ratio
fixed_band,8,2,0.1,1,24,0.0021771780343838843,0.0021884652985981676,0.0018061102744604215,0.0024345395185294185,0.002436876128086671,0.0021015654521022256,0.002252325723883822,0.9996782161147284
fixed_band,8,2,0.1,2,24,0.001088405879376043,0.0010940155446919086,0.0009029136919688109,0.0012170591561165727,0.0012182790035107289,0.0010470166377163483,0.0011252455567522372,0.9995577636337004
fixed_band,8,2,0.1,4,24,0.0005441800532176411,0.0005469806442649509,0.0004514391689670326,0.0006085032564732783,0.0006091196220293734,0.0005245864773382213,0.0005625089578997073,0.9995276663545631
fixed_band,8,2,0.1,8,24,0.00027208716598010077,0.00027348693143485186,0.00022571737497020916,0.0003042483381575979,0.00030455732613763096,0.0002625964001791439,0.00028193324396537194,0.999520143023543
fixed_band,8,2,1.0,1,24,0.2081740591254416,0.20768331322434577,0.17326404528864203,0.23315602322158605,0.23514604577475043,0.200680947243727,0.21568049817766036,0.9679499585961779
fixed_band,8,2,1.0,2,24,0.10239252569962805,0.10188815368974628,0.08529180555805578,0.11518003268573782,0.11618917004576931,0.098434512573598,0.10617505342254832,0.9579185787090908
fixed_band,8,2,1.0,4,24,0.050989432879946804,0.050711397868841726,0.04248168282281957,0.05741949149441367,0.05792324534783119,0.048922470770531946,0.05288319613385204,0.9555160439045042
fixed_band,8,2,1.0,8,24,0.025469015688226283,0.025326834963779507,0.02122041727505159,0.028688553115359318,0.028940254356875188,0.024509521673694027,0.026380237443669047,0.9549209732236187
fixed_band,8,4,0.1,1,24,0.0020706509364495683,0.00191726593481466,0.0011073139044660827,0.0030108557154007467,0.005186492863067292,0.001747073136788158,0.0024701062944025155,0.6910987839549797
fixed_band,8,4,0.1,2,24,0.0010352148556020337,0.0009584914165780617,0.0005536048736891583,0.0015057359251202619,0.0025930070366437887,0.000874461515736539,0.0012312909981255277,0.6910127748157627
fixed_band,8,4,0.1,4,24,0.0005175933406656625,0.0004792280215608729,0.0002767959241289983,0.0007529064905130725,0.001296473402626566,0.0004403499671130632,0.0006073280981459194,0.6909912731719673
fixed_band,8,4,0.1,8,24,0.00025879489698981,0.0002396118001624699,0.00013839714788552531,0.0003764580618612828,0.0006482329308605049,0.0002185680898888317,0.0003068867375794244,0.690985897801992
fixed_band,8,4,1.0,1,24,0.19947520137380179,0.1838111535278795,0.10889526461110542,0.28689947858137704,0.4860345330040344,0.1693550223371962,0.23601767447828165,0.6662264806311243
fixed_band,8,4,1.0,2,24,0.09892471060430547,0.09064355011260654,0.05392935698149355,0.14661662575759354,0.2426731236322608,0.08362269726933833,0.11720511520199711,0.6581781619435273
fixed_band,8,4,1.0,4,24,0.04935583635830652,0.0451763388699387,0.026896697307606392,0.07372442123135972,0.1211540418230811,0.04164078080908886,0.0585521452113888,0.6561675475296221
fixed_band,8,4,1.0,8,24,0.024664345907695954,0.022570286670101396,0.013439741271914005,0.03691486589649175,0.060549173772356496,0.020743851722440573,0.028877424863508173,0.6556651003534273
fixed_band,16,2,0.1,1,24,0.0023062248365703416,0.002331077179932157,0.0021004847908503424,0.002459037907715524,0.0024681734420623426,0.0022591627331934438,0.0023486548585937143,0.9997000919639828
fixed_band,16,2,0.1,2,24,0.001152925695824785,0.00116532411729284,0.0010500386736641833,0.001229377839444582,0.0012339481395501157,0.001130343861367476,0.0011745948536359913,0.9995878308748756
fixed_band,16,2,0.1,4,24,0.0005764395129899434,0.0005826352596178686,0.0005249938777476545,0.000614671281328173,0.0006169567464788391,0.0005647766035878883,0.0005872817476679821,0.9995597646125493
fixed_band,16,2,0.1,8,24,0.00028821683979838686,0.00029131428024483546,0.0002624937566801624,0.00030733343589491827,0.00030847620780886627,0.00028245018900816774,0.00029388214434051423,0.9995527479869382
fixed_band,16,2,1.0,1,24,0.22083858331361148,0.22215064392834338,0.1995598694293086,0.23819245996113503,0.23919639368029588,0.21587000954190036,0.22522169825004384,0.9688324681098524
fixed_band,16,2,1.0,2,24,0.1087106095106692,0.10933981802270457,0.0978551946284992,0.11787068908473078,0.11838949572963897,0.10614695084426337,0.11100049149528583,0.9590411091174865
fixed_band,16,2,1.0,4,24,0.05414623728811278,0.05445823843704837,0.0486926645874531,0.05878203480265973,0.05904221064635146,0.05287584328642613,0.055287048954759756,0.9565812949116311
fixed_band,16,2,1.0,8,24,0.027047124308252225,0.0272028219331371,0.024317143570328437,0.029371850632720808,0.029501998371346292,0.02639764447558261,0.027632085291175303,0.9559709574952691
fixed_band,16,4,0.1,1,24,0.0021150665709682164,0.001726435564423875,0.001301411935155959,0.003942049385205695,0.004200164128239786,0.0017844399619158665,0.002483554014996546,0.584494352017188
fixed_band,16,4,0.1,2,24,0.0010575389805821686,0.0008631356822246554,0.0006505166725299977,0.0019712673241140386,0.002100819391221705,0.0009008175240860653,0.0012367434816658216,0.5844956342315936
fixed_band,16,4,0.1,4,24,0.0005287701452848627,0.0004315575819515407,0.00032523466525908896,0.000985664044922112,0.001050500052692961,0.00045254900407974127,0.0006191370269234247,0.5844959583058651
fixed_band,16,4,0.1,8,24,0.0002643851523380189,0.0002157775086859027,0.00016261437346798066,0.0004928358220060301,0.0005252612548214151,0.00022373772644109958,0.00031003451238872557,0.5844960395483927
fixed_band,16,4,1.0,1,24,0.2033482487220968,0.16751741308746887,0.12789553926252725,0.3700811352430321,0.39190562268031587,0.17366719772866374,0.23803839634820656,0.5716489392331312
fixed_band,16,4,1.0,2,24,0.1019553790715106,0.0840066213828706,0.06279574127031941,0.1876497736211721,0.20484458143143053,0.08680007783975548,0.11922045394666923,0.5723535666261486
fixed_band,16,4,1.0,4,24,0.051037830848265096,0.04204076892346199,0.03128041813501145,0.09420203724291183,0.10370674445608752,0.04305355056461222,0.06005376130692387,0.5725649604486528
fixed_band,16,4,1.0,8,24,0.02552720954728277,0.021025256757795922,0.015614686444461772,0.047149800301356126,0.05202018837646855,0.021474581592637383,0.029674271021382054,0.5726200971703399
fixed_band,32,2,0.1,1,24,0.0022321569203582778,0.002237196518030935,0.002101139473438922,0.002341863621259573,0.002380887165527301,0.0021994689210621523,0.002265717670447758,0.9996641018895998
fixed_band,32,2,0.1,2,24,0.0011158706357172693,0.0011183997521992755,0.0010503491267901035,0.0011707320522261972,0.0011902506205174644,0.001098811842277462,0.0011326824913593188,0.9995382843566519
fixed_band,32,2,0.1,4,24,0.0005579093475648876,0.0005591750681576554,0.0005251469972392896,0.000585341062339295,0.0005951012014789391,0.0005497355208964279,0.0005660964714508444,0.9995068291692056
fixed_band,32,2,0.1,8,24,0.0002789514277384529,0.00027958443325525094,0.0002625700531652443,0.00029266741088627713,0.00029754758750108256,0.000274939599891143,0.00028284575274173363,0.9994989653216904
fixed_band,32,2,1.0,1,24,0.2124954528055054,0.21273373462546294,0.19874967933466486,0.22377537416043342,0.22839405428352189,0.20916562357949256,0.2159110457411408,0.965827479396015
fixed_band,32,2,1.0,2,24,0.10436866327817086,0.10429569485089787,0.09759448731803003,0.11005293088849899,0.11266542423775992,0.10274288658659711,0.10611275266655876,0.954346999890874
fixed_band,32,2,1.0,4,24,0.051958986348388324,0.051889842030221345,0.04857720705287856,0.054802312352767155,0.05614931059094864,0.05110060891200048,0.05276115015160116,0.9514589729559766
fixed_band,32,2,1.0,8,24,0.025951520316324198,0.02591152271126198,0.024261149294272557,0.02737429886826598,0.02805194941045788,0.025526377149325187,0.026395499076554196,0.9507361264462642
fixed_band,32,4,0.1,1,24,0.001978630924173186,0.0019348843771251842,0.001428036896826856,0.0025571337524167618,0.002838764407484402,0.0018324360194921963,0.002133343326603166,0.5749426464470156
fixed_band,32,4,0.1,2,24,0.0009892420676856698,0.0009673319369941308,0.0007139638499109727,0.0012783705441137495,0.001419266217948529,0.0009139028543666334,0.001064851798057439,0.5748182101698535
fixed_band,32,4,0.1,4,24,0.0004946118640682007,0.0004836521872942679,0.0003569751036205386,0.0006391607430363342,0.0007096186361610659,0.00045940025999320665,0.0005321114059114332,0.5747871099676932
fixed_band,32,4,0.1,8,24,0.000247304785954153,0.00024182437100520466,0.00017848669925227704,0.0003195773057818654,0.00035480750977301466,0.00022929775868249906,0.0002662909419046171,0.5747793354727101
fixed_band,32,4,1.0,1,24,0.19097224593011827,0.18767472089577536,0.137827123187181,0.24388259080311545,0.2731547099246455,0.17710072095044732,0.2051988164513861,0.5536969112435359
fixed_band,32,4,1.0,2,24,0.09488130639278931,0.09383618222555884,0.06840648265754144,0.12024049255320123,0.1359923474037904,0.08813241572994544,0.10182270305328428,0.5474447795024782
fixed_band,32,4,1.0,4,24,0.047369169012798286,0.04677586220120468,0.03414304097136834,0.05991939221906612,0.06795242814404756,0.04380217024150341,0.05099495123318447,0.5499007746663568
fixed_band,32,4,1.0,8,24,0.023675772271839132,0.023370050146010374,0.017064087206386067,0.029934947650800174,0.03397162051385581,0.022057084900006844,0.025403001225112538,0.5505191316449812
fixed_band,64,2,0.1,1,24,0.0022571429469774064,0.002238885081092417,0.002081645680180559,0.002395744681360109,0.0024196597673516807,0.0022170135224749707,0.002296436387704835,0.9996909098823156
fixed_band,64,2,0.1,2,24,0.0011283695549254515,0.001119223894502658,0.0010406142991367003,0.0011976995884715078,0.0012096862969906649,0.0011090327074172151,0.0011474854655789258,0.9995751727534556
fixed_band,64,2,0.1,4,24,0.000564159544475559,0.0005595846259043176,0.000520281087475989,0.0005988282045025698,0.0006048252013613527,0.0005540194980558953,0.0005742167302628465,0.9995462372254338
fixed_band,64,2,0.1,8,24,0.00028207661832810755,0.00027978889807766865,0.00026013728614920196,0.0002994114036691298,0.000302410357327132,0.0002767839320104024,0.0002867924909373307,0.9995390032662587
fixed_band,64,2,1.0,1,24,0.21525074196800506,0.2131711556733299,0.1974170451388525,0.23071135790737787,0.2341697575778839,0.2112749166074336,0.21926876796856143,0.9681695797309279
fixed_band,64,2,1.0,2,24,0.10576454852643824,0.10478482322852298,0.09673203091105981,0.11395425709047326,0.11583649865134596,0.10359229998579664,0.1078065098932696,0.9578234233615117
fixed_band,64,2,1.0,4,24,0.052658331668403995,0.05217495559171114,0.04817777660994227,0.05680385790840707,0.05776239334897611,0.05161886544566136,0.053725665506578195,0.9552133759236882
fixed_band,64,2,1.0,8,24,0.026301358489575655,0.026060524222823678,0.024065526597948916,0.028380330757210616,0.0288617217252351,0.025762589789769714,0.02681133645119733,0.9545596269163387
fixed_band,64,4,0.1,1,24,0.001847774655659189,0.0017795555491865803,0.001455637563662471,0.0024120448365142367,0.0029367543543647036,0.0017140215918109377,0.0020100349587488507,0.6222409967159777
fixed_band,64,4,0.1,2,24,0.0009237505071698405,0.0008895572135341019,0.0007275977985471717,0.0012059452403943589,0.0014684012675848033,0.0008546731669233328,0.0010030009881789768,0.6222283267179372
fixed_band,64,4,0.1,4,24,0.00046185944859888803,0.000444751040254843,0.00036377123855729586,0.0006029629764261001,0.0007342036398874684,0.0004274379626779536,0.0005002266903569788,0.622225163568804
fixed_band,64,4,0.1,8,24,0.00023092778536943056,0.00022237207442713796,0.00018188216049657547,0.0003014802828508757,0.0003671021955428889,0.00021401863883265554,0.00025030520248751984,0.6222243730554442
fixed_band,64,4,1.0,1,24,0.1791680949786925,0.17130258144467192,0.14073551407604343,0.23349056946483432,0.28064652498203657,0.16636967944279474,0.19462650745644844,0.6032005016018296
fixed_band,64,4,1.0,2,24,0.0885368047977213,0.084301057964877,0.0686343876112012,0.11617108267650575,0.1407997462167327,0.08175690636117035,0.09656716715086829,0.6028241324254846
fixed_band,64,4,1.0,4,24,0.04416801161455435,0.04214470056068147,0.03404930720864334,0.0580166102053931,0.07045438763752745,0.040650752264243334,0.04805632042569005,0.6027705140205696
fixed_band,64,4,1.0,8,24,0.022071393284260128,0.02107470597164655,0.016989453657109865,0.028999776938417536,0.03523384388834098,0.02035910832882973,0.02397581628263732,0.6027596158764925
fixed_band,128,2,0.1,1,24,0.0023012770267005164,0.0023065025557918012,0.002191928196344996,0.002389716103623182,0.0024387858412627684,0.002274025314897894,0.0023305553818055093,0.9996263443989043
fixed_band,128,2,0.1,2,24,0.0011504275459559281,0.001153036765560808,0.0010957662665259178,0.001194659506899263,0.0012191650586071653,0.0011353414212455614,0.0011643750877501332,0.9994863763231663
fixed_band,128,2,0.1,4,24,0.000575187670206764,0.0005764915770608489,0.0005478637207333168,0.0005973049438546782,0.0006095540574800693,0.0005679039769691381,0.0005822063811307508,0.9994513907193129
fixed_band,128,2,0.1,8,24,0.0002875905724966685,0.00028824243807580477,0.0002739294338760522,0.00029864937099383207,0.0003047734701038905,0.00028404320260432464,0.0002911799795457604,0.9994426447215681
fixed_band,128,2,1.0,1,24,0.2193108941305876,0.2207039147132484,0.20966905544220865,0.22865356772169126,0.23208641942866726,0.21632896506567273,0.22209626506828692,0.9644098284944927
fixed_band,128,2,1.0,2,24,0.1077445269667615,0.10837068828959753,0.10305335273291746,0.11258544672413692,0.11397865253337379,0.10621247334146026,0.1091728801174956,0.952319897264879
fixed_band,128,2,1.0,4,24,0.05364018949628665,0.053929510162770575,0.051311582791897486,0.0560815779265613,0.05674077725983102,0.052898519530977045,0.05434282340188629,0.9493132117073356
fixed_band,128,2,1.0,8,24,0.026791292112013348,0.02693305667584136,0.025629119782656258,0.028014588723409298,0.028339604714685426,0.02641662909783313,0.027150602165861657,0.9485626988575188
fixed_band,128,4,0.1,1,24,0.0018194378008105107,0.0018206847455281593,0.0013559236883404087,0.0023858863866247013,0.0026766630461437253,0.0016869499395726314,0.0019573442525590476,0.566869154705051
fixed_band,128,4,0.1,2,24,0.0009096562826552703,0.0009102652787648963,0.0006778822123176508,0.0011927471431218317,0.0013382309169438181,0.0008448007827650082,0.0009808960291424712,0.566832196016735
fixed_band,128,4,0.1,4,24,0.0004548203124523635,0.0004551230064414344,0.0003389311524830822,0.0005963490776010051,0.0006691028809173999,0.00042088649952986277,0.0004887260979701991,0.566822958523757
fixed_band,128,4,0.1,8,24,0.00022740917756360998,0.00022756029922221458,0.00016946433204215327,0.00029817147744001175,0.0003345498682079643,0.00021088460275198452,0.0002445400098129471,0.5668206492890376
fixed_band,128,4,1.0,1,24,0.17667059949715433,0.17686226855985202,0.13173413414028262,0.22962402278291633,0.25530005957828933,0.16405413741050862,0.18995545674933254,0.5484199700726714
fixed_band,128,4,1.0,2,24,0.08781917129704986,0.08774652709847633,0.06513187407997922,0.11309564894407514,0.12680457914655544,0.08133320824371304,0.09443721926916365,0.5450670829739865
fixed_band,128,4,1.0,4,24,0.04384614582118462,0.043791187067703456,0.032471342299191915,0.056343791730307444,0.0632945245801422,0.04073063298599696,0.047245110307221984,0.5442486391472612
fixed_band,128,4,1.0,8,24,0.021915089725624445,0.021885446499132415,0.01622365197725385,0.028146699281241163,0.03163373264347034,0.02028849155472157,0.023534385824564918,0.5440452572355531
poisson_2d,9,4,0.1,1,1,0.00021446353837897326,0.00021446353837897326,0.00021446353837897326,0.00021446353837897326,0.00021446353837897326,,,0.9999880834856424
poisson_2d,9,4,0.1,2,1,0.00010723129021493182,0.00010723129021493182,0.00010723129021493182,0.00010723129021493182,0.00010723129021493182,,,0.9999836168163826
poisson_2d,9,4,0.1,4,1,5.36155852355734e-05,5.36155852355734e-05,5.36155852355734e-05,5.36155852355734e-05,5.36155852355734e-05,,,0.9999825001477033
poisson_2d,9,4,0.1,8,1,2.6807785133824253e-05,2.6807785133824253e-05,2.6807785133824253e-05,2.6807785133824253e-05,2.6807785133824253e-05,,,0.9999822209814331
poisson_2d,9,4,1.0,1,1,0.021420686167411534,0.021420686167411534,0.021420686167411534,0.021420686167411534,0.021420686167411534,,,0.9987912663105352
poisson_2d,9,4,1.0,2,1,0.010705698766175619,0.010705698766175619,0.010705698766175619,0.010705698766175619,0.010705698766175619,,,0.9983581612502368
poisson_2d,9,4,1.0,4,1,0.0053522686459796815,0.0053522686459796815,0.0053522686459796815,0.0053522686459796815,0.0053522686459796815,,,0.9982498481650093
poisson_2d,9,4,1.0,8,1,0.002676061724716103,0.002676061724716103,0.002676061724716103,0.002676061724716103,0.002676061724716103,,,0.998222767605146
poisson_2d,25,4,0.1,1,1,0.00025383358515399966,0.00025383358515399966,0.00025383358515399966,0.00025383358515399966,0.00025383358515399966,,,0.9999750687616829
poisson_2d,25,4,0.1,2,1,0.00012691560630523414,0.00012691560630523414,0.00012691560630523414,0.00012691560630523414,0.00012691560630523414,,,0.9999657221483121
poisson_2d,25,4,0.1,4,1,6.345765487098812e-05,6.345765487098812e-05,6.345765487098812e-05,6.345765487098812e-05,6.345765487098812e-05,,,0.9999633855318709
poisson_2d,25,4,0.1,8,1,3.172880890048445e-05,3.172880890048445e-05,3.172880890048445e-05,3.172880890048445e-05,3.172880890048445e-05,,,0.9999628013838748
poisson_2d,25,4,1.0,1,1,0.02532025636036335,0.02532025636036335,0.02532025636036335,0.02532025636036335,0.02532025636036335,,,0.9974891651810568
poisson_2d,25,4,1.0,2,1,0.012648505938409193,0.012648505938409193,0.012648505938409193,0.012648505938409193,0.012648505938409193,,,0.9965734508945844
poisson_2d,25,4,1.0,4,1,0.006322802319845114,0.006322802319845114,0.006322802319845114,0.006322802319845114,0.006322802319845114,,,0.9963448581034267
poisson_2d,25,4,1.0,8,1,0.003161219895381281,0.003161219895381281,0.003161219895381281,0.003161219895381281,0.003161219895381281,,,0.9962877309042765
poisson_2d,49,4,0.1,1,1,0.00027321150869362307,0.00027321150869362307,0.00027321150869362307,0.00027321150869362307,0.00027321150869362307,,,0.9999702524682775
poisson_2d,49,4,0.1,2,1,0.00013660423083349964,0.00013660423083349964,0.00013660423083349964,0.00013660423083349964,0.00013660423083349964,,,0.9999591001709354
poisson_2d,49,4,0.1,4,1,6.830192498166821e-05,6.830192498166821e-05,6.830192498166821e-05,6.830192498166821e-05,6.830192498166821e-05,,,0.9999563121563668
poisson_2d,49,4,0.1,8,1,3.415093868659768e-05,3.415093868659768e-05,3.415093868659768e-05,3.415093868659768e-05,3.415093868659768e-05,,,0.9999556151570809
poisson_2d,49,4,1.0,1,1,0.027240183083035677,0.027240183083035677,0.027240183083035677,0.027240183083035677,0.027240183083035677,,,0.9970067836846244
poisson_2d,49,4,1.0,2,1,0.013605168304631382,0.013605168304631382,0.013605168304631382,0.013605168304631382,0.013605168304631382,,,0.9959143851229131
poisson_2d,49,4,1.0,4,1,0.006800722669533729,0.006800722669533729,0.006800722669533729,0.006800722669533729,0.006800722669533729,,,0.9956418596474902
poisson_2d,49,4,1.0,8,1,0.0034001287717110172,0.0034001287717110172,0.0034001287717110172,0.0034001287717110172,0.0034001287717110172,,,0.9955737640862797
poisson_2d,81,4,0.1,1,1,0.00028437216148521373,0.00028437216148521373,0.00028437216148521373,0.00028437216148521373,0.00028437216148521373,,,0.9999680726673016
poisson_2d,81,4,0.1,2,1,0.00014218437880182455,0.00014218437880182455,0.00014218437880182455,0.00014218437880182455,0.00014218437880182455,,,0.9999561032365739
poisson_2d,81,4,0.1,4,1,7.10919766632656e-05,7.10919766632656e-05,7.10919766632656e-05,7.10919766632656e-05,7.10919766632656e-05,,,0.9999531109485326
poisson_2d,81,4,0.1,8,1,3.5545961739600426e-05,3.5545961739600426e-05,3.5545961739600426e-05,3.5545961739600426e-05,3.5545961739600426e-05,,,0.9999523628814018
poisson_2d,81,4,1.0,1,1,0.028346781133175198,0.028346781133175198,0.028346781133175198,0.028346781133175198,0.028346781133175198,,,0.9967880100505868
poisson_2d,81,4,1.0,2,1,0.014156732221066701,0.014156732221066701,0.014156732221066701,0.014156732221066701,0.014156732221066701,,,0.9956164598132248
poisson_2d,81,4,1.0,4,1,0.0070762885859678906,0.0070762885859678906,0.0070762885859678906,0.0070762885859678906,0.0070762885859678906,,,0.9953242429907634
poisson_2d,81,4,1.0,8,1,0.003537884751023482,0.003537884751023482,0.003537884751023482,0.003537884751023482,0.003537884751023482,,,0.9952512305910615
poisson_2d,121,4,0.1,1,1,0.0002913876847265307,0.0002913876847265307,0.0002913876847265307,0.0002913876847265307,0.0002913876847265307,,,0.9999669610366034
poisson_2d,121,4,0.1,2,1,0.000145692037725931,0.000145692037725931,0.000145692037725931,0.000145692037725931,0.000145692037725931,,,0.999954574942025
poisson_2d,121,4,0.1,4,1,7.284579328874844e-05,7.284579328874844e-05,7.284579328874844e-05,7.284579328874844e-05,7.284579328874844e-05,,,0.9999514784931887
poisson_2d,121,4,0.1,8,1,3.6422868447751644e-05,3.6422868447751644e-05,3.6422868447751644e-05,3.6422868447751644e-05,3.6422868447751644e-05,,,0.9999507043852228
poisson_2d,121,4,1.0,1,1,0.02904287550908063,0.02904287550908063,0.02904287550908063,0.02904287550908063,0.02904287550908063,,,0.9966761632302956
poisson_2d,121,4,1.0,2,1,0.01450378586081486,0.01450378586081486,0.01450378586081486,0.01450378586081486,0.01450378586081486,,,0.9954646288072296
poisson_2d,121,4,1.0,4,1,0.007249691650114168,0.007249691650114168,0.007249691650114168,0.007249691650114168,0.007249691650114168,,,0.9951624598851204
poisson_2d,121,4,1.0,8,1,0.0036245708272378513,0.0036245708272378513,0.0036245708272378513,0.0036245708272378513,0.0036245708272378513,,,0.9950869621896435
random_matching,8,2,0.1,1,24,0.002061269026976426,0.00222286051442323,0.0009374342634102929,0.002484251395691313,0.003917828094428414,0.0017924399805002765,0.0023232487915845366,0.9998148930690617
random_matching,8,2,0.1,2,24,0.0010304352274806527,0.0011112901478134438,0.00046866845447858876,0.0012419824986640473,0.0019582828597841263,0.0009073463173246055,0.0011585398779964788,0.999745478001227
random_matching,8,2,0.1,4,24,0.0005151927081477971,0.0005556275604817757,0.0002343281433799027,0.0006209733499036748,0.0009790625157980626,0.00044911797012794853,0.000582189578591004,0.9997281272356685
random_matching,8,2,0.1,8,24,0.00025759324103648566,0.0002778115910706343,0.00011716331123293996,0.00031048443753860076,0.0004895213931503193,0.00022510713535806934,0.00028833428544274307,0.9997237897360771
random_matching,8,2,1.0,1,24,0.1962564436838121,0.21309363356364514,0.09120246647402108,0.24057869420821756,0.35969122682006366,0.17199807498205488,0.21973545193623922,0.9816387127481612
random_matching,8,2,1.0,2,24,0.09625720382701959,0.10510604250080399,0.045122726560446295,0.11904361486731513,0.17382018286517162,0.08446384661808846,0.10762861482081158,0.9747526500441384
random_matching,8,2,1.0,4,24,0.047899270355798364,0.052238923343432976,0.0225023234524202,0.05936566648752889,0.08614059542155894,0.04189625528338091,0.0535266624873455,0.973060879821755
random_matching,8,2,1.0,8,24,0.023921118336991037,0.026069902299194234,0.011243805795949415,0.029663305775022682,0.04297382765367751,0.020861938213507365,0.02671804107154148,0.9726397509820521
random_matching,8,4,0.1,1,24,0.002435322820206342,0.002404125721993104,0.0017842410991208476,0.003028785718660163,0.0033834076334009508,0.0022510573382969416,0.0026069938631769706,0.5798777409559974
random_matching,8,4,0.1,2,24,0.0012168812090026509,0.001200670236126237,0.000891733687831493,0.0015141392089961826,0.0016917226005236496,0.0011324711003683644,0.0013062817630582792,0.5795456531956076
random_matching,8,4,0.1,4,24,0.0006082659561378133,0.0006000169899023692,0.00044579854569732903,0.000757022012040303,0.0008458636520059467,0.0005648273802752865,0.0006542405563848541,0.5794069984354011
random_matching,8,4,0.1,8,24,0.0003040918755807278,0.00029993276355647227,0.00022288574646487513,0.000378501091604609,0.00042293212008943465,0.000280805908008824,0.0003267501734330769,0.5793445170316648
random_matching,8,4,1.0,1,24,0.23300394539091704,0.2337195767437984,0.17338874139923263,0.28602174391068996,0.32433747020421455,0.21595490873646933,0.24971468193779772,0.5494407680754683
random_matching,8,4,1.0,2,24,0.11446317819829688,0.11459504117014627,0.08447497157864887,0.14217186732799955,0.16269544656240426,0.1068608026427458,0.12218008418335255,0.5441170709769138
random_matching,8,4,1.0,4,24,0.05689544454830342,0.05701425547832739,0.04195486685973655,0.07091415695122877,0.08141660468552432,0.052849787652519464,0.06104207913318032,0.5428986631020513
random_matching,8,4,1.0,8,24,0.028385630723002177,0.028454274346464054,0.020938548534002784,0.035423727039273684,0.040717003284395266,0.026419000156644088,0.030562578781239327,0.5425981079145761
random_matching,16,2,0.1,1,24,0.0021409692497370673,0.0021942636672758024,0.0014643175246723751,0.002455193252403622,0.002853449856625816,0.0020095911778004595,0.0022690507365396855,0.9997343787157645
random_matching,16,2,0.1,2,24,0.0010702960160432866,0.0010969623070642728,0.0007320625815986128,0.0012274022252644077,0.0014263822853715904,0.0010027579100337337,0.0011315024478245656,0.999634353846716
random_matching,16,2,0.1,4,24,0.0005351244372313956,0.0005484599664247998,0.0003660192703232239,0.0006136768209226598,0.000713148306774072,0.0005025724050928288,0.0005664404195609667,0.9996093482342828
random_matching,16,2,0.1,8,24,0.0002675592724333504,0.00027422733494031815,0.00018300813266895134,0.00030683537426035663,0.00035656879872559096,0.00025079175242732877,0.000282775299761148,0.9996030968732513
random_matching,16,2,1.0,1,24,0.20432985508081858,0.21057453158028033,0.14143076199319826,0.23530349371344855,0.2677657721724,0.1921192244970467,0.21631977060704044,0.9735904669583969
random_matching,16,2,1.0,2,24,0.10040864735785905,0.10361637487824756,0.06979184823857809,0.11591740432109898,0.1305658480005131,0.09411199034357713,0.10596217576790895,0.9638617788683744
random_matching,16,2,1.0,4,24,0.04998944975478697,0.051564907146000795,0.03478245894075698,0.05774909178830993,0.0648625973246093,0.04689232824595813,0.052617063273289806,0.9614342548344831
random_matching,16,2,1.0,8,24,0.02496801170935671,0.0257522590675899,0.01737710763898845,0.02884856065547204,0.0323786452086953,0.023478912662123385,0.026303919312263238,0.9608277549047716
random_matching,16,4,0.1,1,24,0.002472147053544737,0.002435433614320792,0.001835742887892,0.003412644601452343,0.0034550846513273547,0.0022859975746390058,0.002673383209345666,0.5813211950049494
random_matching,16,4,0.1,2,24,0.0012355374453355435,0.0012171771270364986,0.0009175246767336234,0.0017060387398860773,0.0017271957218358844,0.0011461019588151864,0.0013262754913542843,0.5812045621743828
random_matching,16,4,0.1,4,24,0.0006176457228496505,0.0006084617494677464,0.00045869630069905054,0.0008529553601906666,0.0008635474912140793,0.0005717665548338818,0.0006671726772316943,0.5811706631769381
random_matching,16,4,0.1,8,24,0.00030879349367869154,0.0003042001804130547,0.00022933423528770822,0.0004264625692022309,0.0004317656810506209,0.00028735336101268314,0.00033174867915400905,0.5811598082242
random_matching,16,4,1.0,1,24,0.23616856960990765,0.23433689593771184,0.17706897254698042,0.318630017633176,0.3194545320374932,0.2199246375334956,0.25300055826109424,0.537118101625807
random_matching,16,4,1.0,2,24,0.1169450630686676,0.11619039930783501,0.08696485169098664,0.15708364397971267,0.15934696934374507,0.10878036711070906,0.12583420349050645,0.5274421715718841
random_matching,16,4,1.0,4,24,0.0582708583848608,0.05789012845307788,0.04323297855911531,0.0783909335876671,0.07956671586894863,0.05416922102388236,0.062491782097256615,0.5249104465009587
random_matching,16,4,1.0,8,24,0.029095329866093117,0.028896497439899447,0.02157219286467643,0.03916583114646529,0.03976021958680423,0.026978413131398555,0.031239696719644484,0.5242660726735547
random_matching,32,2,0.1,1,24,0.002265280968129651,0.002311599645508914,0.0020779923658150196,0.002444341215880147,0.002454530057831649,0.00218292189062686,0.0023250687053659,0.9997027875843687
random_matching,32,2,0.1,2,24,0.0011324486682871048,0.001155591483566748,0.0010387862902696305,0.001222018643116216,0.001227091783039894,0.001091609700849305,0.0011632150424290806,0.9995913910477747
random_matching,32,2,0.1,4,24,0.0005662003635139122,0.0005777697060351885,0.0005193669148683004,0.0006109903277845947,0.0006135242401389654,0.0005458120439294649,0.0005822509572615134,0.9995635459770539
random_matching,32,2,0.1,8,24,0.00028309718562678207,0.000288881598757223,0.000259680178848497,0.0003054927897288174,0.0003067594137836396,0.0002724706163192947,0.0002913870576927974,0.9995565849629618
random_matching,32,2,1.0,1,24,0.2166638082825756,0.22059464760006142,0.1971993593493155,0.23568023422937037,0.23686370041587795,0.20929090020408955,0.2227760109194884,0.9704729078956726
random_matching,32,2,1.0,2,24,0.1066120980074513,0.10855478150689793,0.09662024275348449,0.11632320271586058,0.11710588465761222,0.10287679005936196,0.10969144887328755,0.959963785972254
random_matching,32,2,1.0,4,24,0.05310131678491533,0.05405861010478354,0.04807710287002399,0.05797493964753399,0.05838800305941448,0.05111451486360294,0.05466724586782083,0.9573719563473032
random_matching,32,2,1.0,8,24,0.02652521817611606,0.027002081886591617,0.02400958452349667,0.02896422668802094,0.029173412041151106,0.02555349398222972,0.027265767812500334,0.95672616166207
random_matching,32,4,0.1,1,24,0.0025354985272516353,0.002514616557105284,0.002274669021446836,0.0027903540024962563,0.0032344267568232142,0.0024565895409005044,0.0026211469784527667,0.4843435736460337
random_matching,32,4,0.1,2,24,0.0012673584665828525,0.0012569612365310708,0.0011369193151278816,0.0013947384948765022,0.0016170747086195255,0.0012296240196405645,0.0013126102181275818,0.4843020430579554
random_matching,32,4,0.1,4,24,0.0006335945385556196,0.000628408787849239,0.0005683653171891603,0.0006972821366314904,0.000808497408426918,0.0006142567998644229,0.0006557897042621896,0.48427811605870125
random_matching,32,4,0.1,8,24,0.00031677772129938884,0.00031418829322091664,0.00028416024606883587,0.00034862210141342186,0.00040423805013113597,0.0003068415044339971,0.0003273565690572669,0.48426535277990296
random_matching,32,4,1.0,1,24,0.2410227394917158,0.23918198047139866,0.21787044119594662,0.2632991020960318,0.30380643403789337,0.23426530375228663,0.24867348639193457,0.45493902017770743
random_matching,32,4,1.0,2,24,0.11934141383580477,0.1188236075441771,0.10800949651231423,0.1298083336433094,0.15216633169533875,0.1157043760055906,0.12329184273458121,0.4557270293813391
random_matching,32,4,1.0,4,24,0.05949290099258305,0.0592713312613654,0.05386295290760816,0.06465377430794118,0.07610520181393245,0.05776035823402759,0.06156609073288926,0.4558590215945012
random_matching,32,4,1.0,8,24,0.02971588640488555,0.029606798034759914,0.026905308716827198,0.032288667084314215,0.038050449526289776,0.028821924429258503,0.030679315995571995,0.4558332486836655
random_matching,64,2,0.1,1,24,0.0022529851753670285,0.0022467014043794937,0.0021019750523662705,0.0024493479927328622,0.00247441440387909,0.0022044876089506427,0.0022986532222658332,0.9997141280372182
random_matching,64,2,0.1,2,24,0.0011262998031695496,0.0011231639102368795,0.0010508009128194196,0.0012244533441541992,0.0012370323240025794,0.001102208700683634,0.0011504575761567748,0.999607081258084
random_matching,64,2,0.1,4,24,0.0005631258095196936,0.0005615586130297947,0.0005253771330242307,0.0006121991010435432,0.0006184943076562868,0.0005508123536903709,0.0005752529160474792,0.9995803193245685
random_matching,64,2,0.1,8,24,0.000281559893439508,0.00028077638897022067,0.00026268565119132056,0.00030609610447022967,0.0003092444222038986,0.0002754252961924468,0.0002875454644260229,0.9995736288265981
random_matching,64,2,1.0,1,24,0.21509863149587213,0.21423245629441276,0.20050856572267578,0.23349217755307153,0.23813281439683243,0.2105902157567937,0.21973964060880302,0.9706129736357992
random_matching,64,2,1.0,2,24,0.10576882628915259,0.10569085549135267,0.09847282241580846,0.11476267193593051,0.11751818835143378,0.10361399482116578,0.1080112311861129,0.9610433065295141
random_matching,64,2,1.0,4,24,0.052667094823861865,0.05267015010593312,0.04901660661448259,0.057142535952658,0.05856989246979012,0.051597504479196574,0.05380401865317201,0.9586389364675331
random_matching,64,2,1.0,8,24,0.026306544789857736,0.02630946731883347,0.024480923613022405,0.028541691684650553,0.029261428495829415,0.025737273619758878,0.026847192056982154,0.9580372456687642
random_matching,64,4,0.1,1,24,0.0025806284625941034,0.0025517423719705512,0.0024108077353107546,0.0028828678598387825,0.003175071202481542,0.002500606851454931,0.002662867309101319,0.4760548922020168
random_matching,64,4,0.1,2,24,0.0012899227827962998,0.0012755507671511008,0.001205168200818436,0.0014409012342867778,0.0015872865494753606,0.001253557816549745,0.0013321214236196469,0.4759802089563356
random_matching,64,4,0.1,4,24,0.0006448778198496087,0.0006377077245087858,0.0006025386896066979,0.0007203306333959851,0.0007936059178924757,0.0006249657500034885,0.000665334437141408,0.475957804534157
random_matching,64,4,0.1,8,24,0.0003224198046583094,0.00031883850281042784,0.0003012596764072957,0.00036013697035941516,0.0003967967294986611,0.00031288820290182603,0.00033292176499620404,0.47595033242709417
random_matching,64,4,1.0,1,24,0.24520920297144702,0.24311613767502813,0.22916268650177768,0.27301127066632097,0.2978375192042325,0.23818960018267782,0.25234015347306815,0.446563239235928
random_matching,64,4,1.0,2,24,0.12135808619243087,0.12035124495531169,0.113452322748366,0.13524233404751335,0.1470823418144294,0.11777873293487752,0.12490685278081597,0.4410563663741675
random_matching,64,4,1.0,4,24,0.060490791867933914,0.059900598051852105,0.05655681944423046,0.06741274268727875,0.07329844579240723,0.05883811250499314,0.062379027392983205,0.43960064496201046
random_matching,64,4,1.0,8,24,0.030213577814097062,0.029907597584092067,0.02824948392981334,0.03366802073201804,0.0366177087455711,0.029320019386438616,0.031141177441838617,0.4392226385583626
random_matching,128,2,0.1,1,24,0.002291075010155542,0.002294488047031389,0.0020446170172356342,0.002390250442731844,0.002699230706210767,0.0022398322989125386,0.002344625136478971,0.9996258558269511
random_matching,128,2,0.1,2,24,0.0011453237663793267,0.0011470168878256134,0.0010221612189187177,0.001194900286603507,0.0013493200407355575,0.001118937027876717,0.0011720583825346712,0.999485653641435
random_matching,128,2,0.1,4,24,0.0005726351732937935,0.0005734800615314784,0.0005110622031100139,0.0005974220366800907,0.0006746231012699998,0.0005606382132509708,0.0005854056537571228,0.9994506125968432
random_matching,128,2,0.1,8,24,0.00028631424814276455,0.00028673648326830515,0.0002555288009135295,0.0002987075053318053,0.00033730693559036164,0.0002800309142337339,0.00029312749577075676,0.9994418529302237
random_matching,128,2,1.0,1,24,0.21805858510268736,0.21781407694442712,0.19670445546362147,0.22806640985618482,0.2547124980552433,0.21328691018701373,0.22279769173051095,0.9629246751176609
random_matching,128,2,1.0,2,24,0.107051385549039,0.10691524721879368,0.09692825350217969,0.11219612823999332,0.12450090357832565,0.10463174470101647,0.10954810252916125,0.9499937938260808
random_matching,128,2,1.0,4,24,0.05328501845626963,0.053217225105710954,0.048290942160586645,0.05587418405182703,0.061888302602963706,0.0522164939500276,0.05451133988302691,0.9468470512624358
random_matching,128,2,1.0,8,24,0.02661262666693664,0.02657876552696388,0.024123971810277957,0.027909283942469977,0.03089876939390217,0.0260529349561575,0.02720196671502592,0.9460656728653587
random_matching,128,4,0.1,1,24,0.0026052315958343553,0.002594969799979273,0.0024718478037111303,0.002727064758840032,0.002884070519560516,0.002571905394579915,0.0026409044537817404,0.44007432737542146
random_matching,128,4,0.1,2,24,0.001302236938584672,0.0012971705008542782,0.0012357101263046964,0.0013629343162011268,0.001441864088192414,0.0012868649536371183,0.0013206314654074318,0.4400401279279571
random_matching,128,4,0.1,4,24,0.0006510388854483675,0.0006485200133634107,0.0006178127155655286,0.0006813367542171857,0.0007209025992629262,0.0006433320131574929,0.0006599659599264604,0.44003069253932914
random_matching,128,4,0.1,8,24,0.0003255014392166611,0.00032424537700199296,0.0003088971590270986,0.0003406381600692028,0.00036044560174065094,0.0003213575104217146,0.00032979187727494574,0.440027900409816
random_matching,128,4,1.0,1,24,0.2475629636651091,0.24651025036491028,0.23728839010351666,0.2585213961359084,0.27322134364446626,0.24466416599002572,0.2508024989404765,0.41974387680971015
random_matching,128,4,1.0,2,24,0.12252871449105211,0.12205954459416782,0.1168136529194787,0.12755129995357448,0.1356943539868115,0.12109510343126265,0.1242009432594571,0.4146370641900522
random_matching,128,4,1.0,4,24,0.061081764955677874,0.060875163643087066,0.05823139455867192,0.06352574169015271,0.06772403723829992,0.06036482241567696,0.061889576089606484,0.41393346137937276
random_matching,128,4,1.0,8,24,0.03051117467324928,0.03041793397482087,0.029103865493745155,0.031720376885788756,0.03384586648775049,0.03014791574352564,0.030937111765561895,0.413741593066143
